"STATION","DATE","LATITUDE","LONGITUDE","ELEVATION","NAME","TEMP","TEMP_ATTRIBUTES","DEWP","DEWP_ATTRIBUTES","SLP","SLP_ATTRIBUTES","STP","STP_ATTRIBUTES","VISIB","VISIB_ATTRIBUTES","WDSP","WDSP_ATTRIBUTES","MXSPD","GUST","MAX","MAX_ATTRIBUTES","MIN","MIN_ATTRIBUTES","PRCP","PRCP_ATTRIBUTES","SNDP","FRSHTT"
"54511099999","2022-01-01","40.080111","116.584556","35.35","BEIJING CAPITAL INTERNATIONAL AIRPORT, CH","  28.6","24","   5.0","24","9999.9"," 0","999.9"," 0","  6.0","24","  7.8","24"," 19.4"," 23.1","  46.9"," ","  10.4","*"," 0.00","G","999.9","000000"
"54511099999","2022-01-02","40.080111","116.584556","35.35","BEIJING CAPITAL INTERNATIONAL AIRPORT, CH","  25.0","24","   4.9","24","9999.9"," 0","999.9"," 0","  6.2","24","  3.7","24","  9.7"," 19.4","  46.9"," ","  12.2","*"," 0.00","G","999.9","000000"
"54511099999","2022-01-03","40.080111","116.584556","35.35","BEIJING CAPITAL INTERNATIONAL AIRPORT, CH","  25.9","24","   6.5","24","9999.9"," 0","999.9"," 0","  6.1","24","  3.6","24","  7.8"," 10.3","  43.7"," ","  12.2","*"," 0.00","G","999.9","000000"
"54511099999","2022-01-04","40.080111","116.584556","35.35","BEIJING CAPITAL INTERNATIONAL AIRPORT, CH","  25.6","24","  14.5","24","9999.9"," 0","999.9"," 0","  6.3","24","  2.9","24","  5.8","999.9","  43.7"," ","  14.0","*"," 0.00","G","999.9","000000"
"54511099999","2022-01-05","40.080111","116.584556","35.35","BEIJING CAPITAL INTERNATIONAL AIRPORT, CH","  26.2","24","  18.2","24","9999.9"," 0","999.9"," 0","  6.1","24","  4.0","24","  7.8","999.9","  39.0"," ","  17.6","*"," 0.00","G","999.9","000000"
"54511099999","2022-01-06","40.080111","116.584556","35.35","BEIJING CAPITAL INTERNATIONAL AIRPORT, CH","  27.7","24","  15.3","24","9999.9"," 0","999.9"," 0","  5.8","24","  2.9","24","  5.8","999.9","  43.7"," ","  15.8","*"," 0.00","G","999.9","000000"
"54511099999","2022-01-07","40.080111","116.584556","35.35","BEIJING CAPITAL INTERNATIONAL AIRPORT, CH","  26.6","24","  16.7","24","9999.9"," 0","999.9"," 0","  5.6","24","  3.2","24","  9.7","999.9","  43.7"," ","  17.6","*"," 0.00","G","999.9","000000"
"54511099999","2022-01-08","40.080111","116.584556","35.35","BEIJING CAPITAL INTERNATIONAL AIRPORT, CH","  34.0","24","  15.9","24","9999.9"," 0","999.9"," 0","  5.7","24","  3.4","24","  7.8"," 17.9","  49.3"," ","  20.5"," "," 0.00","G","999.9","000000"
"54511099999","2022-01-09","40.080111","116.584556","35.35","BEIJING CAPITAL INTERNATIONAL AIRPORT, CH","  29.3","24","  24.1","24","9999.9"," 0","999.9"," 0","  6.3","24","  3.0","24","  5.8"," 10.7","  49.3"," ","  20.8"," "," 0.00","G","999.9","001000"
"54511099999","2022-01-10","40.080111","116.584556","35.35","BEIJING CAPITAL INTERNATIONAL AIRPORT, CH","  26.9","24","  -2.7","24","9999.9"," 0","999.9"," 0","  6.2","24","  7.6","24"," 19.4"," 25.3","  36.3"," ","  15.8","*"," 0.00","G","999.9","000000"
"54511099999","2022-01-11","40.080111","116.584556","35.35","BEIJING CAPITAL INTERNATIONAL AIRPORT, CH","  22.3","24","   1.3","24","9999.9"," 0","999.9"," 0","  6.7","24","  3.4","24","  7.8"," 12.0","  36.3"," ","  14.0","*"," 0.00","G","999.9","000000"
"54511099999","2022-01-12","40.080111","116.584556","35.35","BEIJING CAPITAL INTERNATIONAL AIRPORT, CH","  28.0","24","   1.0","24","9999.9"," 0","999.9"," 0","  6.4","24"," 10.8","24"," 27.2"," 36.9","  37.0"," ","  16.7"," "," 0.00","G","999.9","000000"
"54511099999","2022-01-13","40.080111","116.584556","35.35","BEIJING CAPITAL INTERNATIONAL AIRPORT, CH","  25.7","24","   1.7","24","9999.9"," 0","999.9"," 0","  6.3","24","  4.2","24","  7.8"," 18.3","  39.2","*","  10.4","*"," 0.00","G","999.9","000000"
"54511099999","2022-01-14","40.080111","116.584556","35.35","BEIJING CAPITAL INTERNATIONAL AIRPORT, CH","  24.1","24","  13.5","24","9999.9"," 0","999.9"," 0","  5.2","24","  3.0","24"," 11.7","999.9","  39.0"," ","  12.2","*"," 0.00","G","999.9","000000"
"54511099999","2022-01-15","40.080111","116.584556","35.35","BEIJING CAPITAL INTERNATIONAL AIRPORT, CH","  27.5","24","   1.3","24","9999.9"," 0","999.9"," 0","  5.9","24","  7.8","24"," 19.4"," 28.0","  39.2","*","  14.0","*"," 0.00","G","999.9","000000"
"54511099999","2022-01-16","40.080111","116.584556","35.35","BEIJING CAPITAL INTERNATIONAL AIRPORT, CH","  22.1","24","   2.9","24","9999.9"," 0","999.9"," 0","  6.2","24","  3.4","24"," 13.6"," 17.7","  38.5"," ","  12.2","*"," 0.00","G","999.9","000000"
"54511099999","2022-01-17","40.080111","116.584556","35.35","BEIJING CAPITAL INTERNATIONAL AIRPORT, CH","  28.3","24","   1.2","24","9999.9"," 0","999.9"," 0","  6.5","24","  5.4","24"," 11.7"," 11.8","  42.8"," ","  10.4","*"," 0.00","G","999.9","000000"
"54511099999","2022-01-18","40.080111","116.584556","35.35","BEIJING CAPITAL INTERNATIONAL AIRPORT, CH","  25.5","24","  13.4","24","9999.9"," 0","999.9"," 0","  6.0","24","  2.6","24","  5.8"," 13.0","  42.8"," ","  12.2","*"," 0.00","G","999.9","000000"
"54511099999","2022-01-19","40.080111","116.584556","35.35","BEIJING CAPITAL INTERNATIONAL AIRPORT, CH","  25.7","24","  11.1","24","9999.9"," 0","999.9"," 0","  6.1","24","  5.5","24","  9.7"," 13.0","  36.9"," ","  18.3"," "," 0.00","G","999.9","001000"
"54511099999","2022-01-20","40.080111","116.584556","35.35","BEIJING CAPITAL INTERNATIONAL AIRPORT, CH","  25.5","24","  15.2","24","9999.9"," 0","999.9"," 0","  5.9","24","  3.8","24","  5.8"," 12.4","  29.7"," ","  19.4","*"," 0.00","G","999.9","001000"
"54511099999","2022-01-21","40.080111","116.584556","35.35","BEIJING CAPITAL INTERNATIONAL AIRPORT, CH","  24.7","24","  18.5","24","9999.9"," 0","999.9"," 0","  3.9","24","  3.0","24","  5.8"," 10.9","  28.9"," ","  22.5"," "," 0.06","G","999.9","001000"
"54511099999","2022-01-22","40.080111","116.584556","35.35","BEIJING CAPITAL INTERNATIONAL AIRPORT, CH","  25.8","24","  21.8","24","9999.9"," 0","999.9"," 0","  2.7","24","  1.5","24","  3.9","999.9","  30.2","*","  20.5"," "," 0.02","G","999.9","001000"
"54511099999","2022-01-23","40.080111","116.584556","35.35","BEIJING CAPITAL INTERNATIONAL AIRPORT, CH","  28.7","24","  24.7","24","9999.9"," 0","999.9"," 0","  2.0","24","  2.4","24","  5.8","999.9","  32.2"," ","  20.5"," "," 0.00","G","999.9","001000"
"54511099999","2022-01-24","40.080111","116.584556","35.35","BEIJING CAPITAL INTERNATIONAL AIRPORT, CH","  31.1","24","  25.8","24","9999.9"," 0","999.9"," 0","  1.6","24","  2.9","24","  5.8","999.9","  33.8","*","  26.6","*"," 0.00","G","999.9","001000"
"54511099999","2022-01-25","40.080111","116.584556","35.35","BEIJING CAPITAL INTERNATIONAL AIRPORT, CH","  32.5","24","  11.3","24","9999.9"," 0","999.9"," 0","  5.3","24","  7.9","24"," 13.6"," 23.3","  43.0"," ","  21.2","*"," 0.00","G","999.9","000000"
"54511099999","2022-01-26","40.080111","116.584556","35.35","BEIJING CAPITAL INTERNATIONAL AIRPORT, CH","  28.2","24","   5.8","24","9999.9"," 0","999.9"," 0","  6.6","24","  5.8","24","  9.7"," 14.8","  43.0"," ","  21.2","*"," 0.00","G","999.9","000000"
"54511099999","2022-01-27","40.080111","116.584556","35.35","BEIJING CAPITAL INTERNATIONAL AIRPORT, CH","  26.8","24","   3.7","24","9999.9"," 0","999.9"," 0","  6.7","24","  5.1","24","  9.7"," 16.5","  38.5"," ","  17.6","*"," 0.00","G","999.9","000000"
"54511099999","2022-01-28","40.080111","116.584556","35.35","BEIJING CAPITAL INTERNATIONAL AIRPORT, CH","  26.8","24","   2.3","24","9999.9"," 0","999.9"," 0","  6.7","24","  4.0","24","  7.8"," 16.5","  38.5"," ","  17.6","*"," 0.00","G","999.9","000000"
"54511099999","2022-01-29","40.080111","116.584556","35.35","BEIJING CAPITAL INTERNATIONAL AIRPORT, CH","  25.4","24","   5.2","24","9999.9"," 0","999.9"," 0","  6.6","24","  2.8","24","  9.7"," 10.9","  40.8"," ","  14.0","*"," 0.00","G","999.9","000000"
"54511099999","2022-01-30","40.080111","116.584556","35.35","BEIJING CAPITAL INTERNATIONAL AIRPORT, CH","  29.2","24","  16.0","24","9999.9"," 0","999.9"," 0","  4.3","24","  5.1","24"," 13.6"," 22.0","  40.8"," ","  14.0","*"," 0.03","G","999.9","101000"
"54511099999","2022-01-31","40.080111","116.584556","35.35","BEIJING CAPITAL INTERNATIONAL AIRPORT, CH","  25.6","24","  -0.3","24","9999.9"," 0","999.9"," 0","  6.7","24"," 12.9","24"," 23.3"," 33.0","  37.9"," ","  14.0","*"," 0.00","I","999.9","000000"
"54511099999","2022-02-01","40.080111","116.584556","35.35","BEIJING CAPITAL INTERNATIONAL AIRPORT, CH","  22.8","24","   0.6","24","9999.9"," 0","999.9"," 0","  6.7","24","  4.1","24","  9.7"," 20.8","  36.5"," ","  10.4","*"," 0.00","G","999.9","000000"
"54511099999","2022-02-02","40.080111","116.584556","35.35","BEIJING CAPITAL INTERNATIONAL AIRPORT, CH","  26.0","24","   0.5","24","9999.9"," 0","999.9"," 0","  6.5","24","  3.9","24","  9.7"," 19.4","  41.0","*","  12.2","*"," 0.00","G","999.9","000000"
"54511099999","2022-02-03","40.080111","116.584556","35.35","BEIJING CAPITAL INTERNATIONAL AIRPORT, CH","  27.5","24","  -1.8","24","9999.9"," 0","999.9"," 0","  6.5","24","  6.9","24"," 15.5"," 20.6","  40.3"," ","  15.4"," "," 0.00","G","999.9","000000"
"54511099999","2022-02-04","40.080111","116.584556","35.35","BEIJING CAPITAL INTERNATIONAL AIRPORT, CH","  25.2","24","  -5.1","24","9999.9"," 0","999.9"," 0","  6.7","24"," 12.1","24"," 19.4"," 25.3","  37.8"," ","  17.6","*"," 0.00","G","999.9","000000"
"54511099999","2022-02-05","40.080111","116.584556","35.35","BEIJING CAPITAL INTERNATIONAL AIRPORT, CH","  32.5","24","  -2.7","24","9999.9"," 0","999.9"," 0","  6.7","24"," 11.0","24"," 17.5","999.9","  39.2","*","  19.6"," "," 0.00","G","999.9","000000"
"54511099999","2022-02-06","40.080111","116.584556","35.35","BEIJING CAPITAL INTERNATIONAL AIRPORT, CH","  29.9","24","   2.5","24","9999.9"," 0","999.9"," 0","  7.2","24","  5.3","24"," 11.7"," 16.5","  43.0"," ","  17.6","*"," 0.00","G","999.9","000000"
"54511099999","2022-02-07","40.080111","116.584556","35.35","BEIJING CAPITAL INTERNATIONAL AIRPORT, CH","  27.4","24","   3.2","24","9999.9"," 0","999.9"," 0","  6.7","24","  3.7","24","  7.8"," 10.1","  43.9"," ","  15.8","*"," 0.00","G","999.9","000000"
"54511099999","2022-02-08","40.080111","116.584556","35.35","BEIJING CAPITAL INTERNATIONAL AIRPORT, CH","  30.6","24","   4.3","24","9999.9"," 0","999.9"," 0","  6.5","24","  3.6","24","  7.8"," 10.5","  47.5"," ","  15.8","*"," 0.00","G","999.9","000000"
"54511099999","2022-02-09","40.080111","116.584556","35.35","BEIJING CAPITAL INTERNATIONAL AIRPORT, CH","  29.6","24","  10.8","24","9999.9"," 0","999.9"," 0","  6.3","24","  3.1","24","  5.8","999.9","  47.5"," ","  15.8","*"," 0.00","G","999.9","000000"
"54511099999","2022-02-10","40.080111","116.584556","35.35","BEIJING CAPITAL INTERNATIONAL AIRPORT, CH","  33.1","24","  12.0","24","9999.9"," 0","999.9"," 0","  6.0","24","  3.9","24","  9.7"," 13.6","  50.5"," ","  19.4","*"," 0.00","G","999.9","000000"
"54511099999","2022-02-11","40.080111","116.584556","35.35","BEIJING CAPITAL INTERNATIONAL AIRPORT, CH","  36.2","24","  10.9","24","9999.9"," 0","999.9"," 0","  6.1","24","  5.3","24"," 11.7"," 21.4","  50.5"," ","  23.0","*"," 0.00","G","999.9","000000"
"54511099999","2022-02-12","40.080111","116.584556","35.35","BEIJING CAPITAL INTERNATIONAL AIRPORT, CH","  28.2","24","  15.2","24","9999.9"," 0","999.9"," 0","  6.1","24","  2.9","24","  5.2"," 18.6","  48.0"," ","  21.2","*"," 0.00","G","999.9","001000"
"54511099999","2022-02-13","40.080111","116.584556","35.35","BEIJING CAPITAL INTERNATIONAL AIRPORT, CH","  21.2","24","  16.0","24","9999.9"," 0","999.9"," 0","  2.8","24","  5.8","24"," 15.5","999.9","  33.8"," ","  10.4","*"," 0.12","G","999.9","001000"
"54511099999","2022-02-14","40.080111","116.584556","35.35","BEIJING CAPITAL INTERNATIONAL AIRPORT, CH","  20.5","24","  -0.0","24","9999.9"," 0","999.9"," 0","  6.5","24","  8.6","24"," 13.6"," 23.3","  29.1"," ","  11.7"," "," 0.00","G","999.9","000000"
"54511099999","2022-02-15","40.080111","116.584556","35.35","BEIJING CAPITAL INTERNATIONAL AIRPORT, CH","  18.5","24","  -3.3","24","9999.9"," 0","999.9"," 0","  6.7","24","  4.7","24","  9.7"," 15.5","  29.1"," ","  10.4","*"," 0.00","G","999.9","000000"
"54511099999","2022-02-16","40.080111","116.584556","35.35","BEIJING CAPITAL INTERNATIONAL AIRPORT, CH","  19.6","24","   1.0","24","9999.9"," 0","999.9"," 0","  6.7","24","  3.6","24","  5.8"," 15.0","  32.0"," ","   6.8","*"," 0.00","G","999.9","000000"
"54511099999","2022-02-17","40.080111","116.584556","35.35","BEIJING CAPITAL INTERNATIONAL AIRPORT, CH","  23.1","24","  11.4","24","9999.9"," 0","999.9"," 0","  6.0","24","  4.3","24"," 11.7","999.9","  32.0"," ","  15.4"," "," 0.00","G","999.9","001000"
"54511099999","2022-02-18","40.080111","116.584556","35.35","BEIJING CAPITAL INTERNATIONAL AIRPORT, CH","  27.9","24","   4.1","24","9999.9"," 0","999.9"," 0","  6.1","24"," 10.4","24"," 23.3"," 33.0","  39.4"," ","  17.2"," "," 0.00","G","999.9","000000"
"54511099999","2022-02-19","40.080111","116.584556","35.35","BEIJING CAPITAL INTERNATIONAL AIRPORT, CH","  24.0","24","  -1.3","24","9999.9"," 0","999.9"," 0","  6.7","24","  7.9","24"," 15.5","999.9","  39.4"," ","   8.6","*"," 0.00","G","999.9","000000"
"54511099999","2022-02-20","40.080111","116.584556","35.35","BEIJING CAPITAL INTERNATIONAL AIRPORT, CH","  29.1","24","  -1.2","24","9999.9"," 0","999.9"," 0","  6.2","24","  8.8","24"," 23.3","999.9","  41.0","*","  12.2","*"," 0.00","G","999.9","000000"
"54511099999","2022-02-21","40.080111","116.584556","35.35","BEIJING CAPITAL INTERNATIONAL AIRPORT, CH","  29.1","24","  -1.0","24","9999.9"," 0","999.9"," 0","  6.5","24","  9.7","24"," 19.4"," 27.2","  40.8"," ","  12.2","*"," 0.00","G","999.9","000000"
"54511099999","2022-02-22","40.080111","116.584556","35.35","BEIJING CAPITAL INTERNATIONAL AIRPORT, CH","  25.7","24","   1.6","24","9999.9"," 0","999.9"," 0","  6.5","24","  5.6","24"," 13.6","999.9","  40.8"," ","  12.2","*"," 0.00","G","999.9","000000"
"54511099999","2022-02-23","40.080111","116.584556","35.35","BEIJING CAPITAL INTERNATIONAL AIRPORT, CH","  30.3","24","   5.8","24","9999.9"," 0","999.9"," 0","  6.3","24","  4.0","24","  7.8","999.9","  45.0"," ","  15.8","*"," 0.00","G","999.9","000000"
"54511099999","2022-02-24","40.080111","116.584556","35.35","BEIJING CAPITAL INTERNATIONAL AIRPORT, CH","  32.9","24","   9.6","24","9999.9"," 0","999.9"," 0","  6.3","24","  2.5","24","  5.8","999.9","  52.2"," ","  20.5"," "," 0.00","G","999.9","000000"
"54511099999","2022-02-25","40.080111","116.584556","35.35","BEIJING CAPITAL INTERNATIONAL AIRPORT, CH","  43.1","24","  13.8","24","9999.9"," 0","999.9"," 0","  5.7","24","  6.7","24"," 19.4","999.9","  57.2"," ","  25.7"," "," 0.00","G","999.9","000000"
"54511099999","2022-02-26","40.080111","116.584556","35.35","BEIJING CAPITAL INTERNATIONAL AIRPORT, CH","  38.9","24","   5.0","24","9999.9"," 0","999.9"," 0","  6.7","24","  7.6","24"," 15.5","999.9","  57.2"," ","  21.2","*"," 0.00","G","999.9","000000"
"54511099999","2022-02-27","40.080111","116.584556","35.35","BEIJING CAPITAL INTERNATIONAL AIRPORT, CH","  43.9","24","  12.1","24","9999.9"," 0","999.9"," 0","  6.2","24","  3.2","24","  7.8","999.9","  61.2"," ","  28.6"," "," 0.00","G","999.9","000000"
"54511099999","2022-02-28","40.080111","116.584556","35.35","BEIJING CAPITAL INTERNATIONAL AIRPORT, CH","  44.7","24","  15.1","24","9999.9"," 0","999.9"," 0","  6.1","24","  9.6","24"," 17.5"," 27.2","  61.2"," ","  28.4","*"," 0.00","G","999.9","000000"
"54511099999","2022-03-01","40.080111","116.584556","35.35","BEIJING CAPITAL INTERNATIONAL AIRPORT, CH","  41.3","24","   7.0","24","9999.9"," 0","999.9"," 0","  6.7","24","  8.0","24"," 17.5"," 23.3","  57.0"," ","  23.0","*"," 0.00","G","999.9","000000"
"54511099999","2022-03-02","40.080111","116.584556","35.35","BEIJING CAPITAL INTERNATIONAL AIRPORT, CH","  46.1","24","   7.4","24","9999.9"," 0","999.9"," 0","  6.2","24","  6.4","24"," 15.5"," 23.3","  61.9"," ","  26.6","*"," 0.00","G","999.9","000000"
"54511099999","2022-03-03","40.080111","116.584556","35.35","BEIJING CAPITAL INTERNATIONAL AIRPORT, CH","  39.6","24","  15.6","24","9999.9"," 0","999.9"," 0","  6.3","24","  3.4","24","  7.8"," 13.6","  61.9"," ","  30.2","*"," 0.00","G","999.9","000000"
"54511099999","2022-03-04","40.080111","116.584556","35.35","BEIJING CAPITAL INTERNATIONAL AIRPORT, CH","  39.8","24","   2.9","24","9999.9"," 0","999.9"," 0","  5.8","24"," 10.5","24"," 31.1"," 40.8","  53.1"," ","  23.0","*"," 0.00","G","999.9","000000"
"54511099999","2022-03-05","40.080111","116.584556","35.35","BEIJING CAPITAL INTERNATIONAL AIRPORT, CH","  35.8","24","  -0.7","24","9999.9"," 0","999.9"," 0","  6.7","24","  5.8","24"," 19.4","999.9","  52.9"," ","  19.4","*"," 0.00","G","999.9","000000"
"54511099999","2022-03-06","40.080111","116.584556","35.35","BEIJING CAPITAL INTERNATIONAL AIRPORT, CH","  39.6","24","   9.1","24","9999.9"," 0","999.9"," 0","  6.2","24","  4.7","24"," 11.7"," 19.4","  53.4"," ","  24.8","*"," 0.00","G","999.9","000000"
"54511099999","2022-03-07","40.080111","116.584556","35.35","BEIJING CAPITAL INTERNATIONAL AIRPORT, CH","  47.9","24","  13.2","24","9999.9"," 0","999.9"," 0","  6.2","24","  3.9","24","  7.8","999.9","  66.2","*","  28.0"," "," 0.00","G","999.9","000000"
"54511099999","2022-03-08","40.080111","116.584556","35.35","BEIJING CAPITAL INTERNATIONAL AIRPORT, CH","  45.3","24","  22.9","24","9999.9"," 0","999.9"," 0","  6.2","24","  2.7","24","  7.8","999.9","  64.6"," ","  32.0","*"," 0.00","G","999.9","000000"
"54511099999","2022-03-09","40.080111","116.584556","35.35","BEIJING CAPITAL INTERNATIONAL AIRPORT, CH","  49.1","24","  33.1","24","9999.9"," 0","999.9"," 0","  3.9","24","  3.3","24","  7.8","999.9","  63.3"," ","  33.8","*"," 0.00","G","999.9","000000"
"54511099999","2022-03-10","40.080111","116.584556","35.35","BEIJING CAPITAL INTERNATIONAL AIRPORT, CH","  51.5","24","  38.9","24","9999.9"," 0","999.9"," 0","  3.3","24","  2.7","24","  3.9","999.9","  66.7"," ","  40.6"," "," 0.00","G","999.9","000000"
"54511099999","2022-03-11","40.080111","116.584556","35.35","BEIJING CAPITAL INTERNATIONAL AIRPORT, CH","  49.4","24","  28.6","24","9999.9"," 0","999.9"," 0","  5.2","24","  3.4","24","  9.7","999.9","  66.7"," ","  39.2","*"," 0.00","G","999.9","010000"
"54511099999","2022-03-12","40.080111","116.584556","35.35","BEIJING CAPITAL INTERNATIONAL AIRPORT, CH","  44.8","24","  36.0","24","9999.9"," 0","999.9"," 0","  5.5","24","  3.1","24","  5.8","999.9","  55.8"," ","  33.8","*"," 0.05","G","999.9","010000"
"54511099999","2022-03-13","40.080111","116.584556","35.35","BEIJING CAPITAL INTERNATIONAL AIRPORT, CH","  46.1","24","  37.1","24","9999.9"," 0","999.9"," 0","  5.0","24","  5.8","24"," 13.6","999.9","  55.8"," ","  33.8","*"," 0.00","G","999.9","010000"
"54511099999","2022-03-14","40.080111","116.584556","35.35","BEIJING CAPITAL INTERNATIONAL AIRPORT, CH","  52.5","24","  28.1","24","9999.9"," 0","999.9"," 0","  6.0","24","  7.5","24"," 15.5"," 25.3","  69.8","*","  33.8","*"," 0.00","G","999.9","000000"
"54511099999","2022-03-15","40.080111","116.584556","35.35","BEIJING CAPITAL INTERNATIONAL AIRPORT, CH","  51.1","24","  32.0","24","9999.9"," 0","999.9"," 0","  6.1","24","  3.6","24","  5.8","999.9","  69.4"," ","  37.0"," "," 0.00","G","999.9","000000"
"54511099999","2022-03-16","40.080111","116.584556","35.35","BEIJING CAPITAL INTERNATIONAL AIRPORT, CH","  46.4","24","  28.3","24","9999.9"," 0","999.9"," 0","  6.1","24","  7.1","24"," 11.7"," 13.6","  60.3"," ","  36.9"," "," 0.00","G","999.9","000000"
"54511099999","2022-03-17","40.080111","116.584556","35.35","BEIJING CAPITAL INTERNATIONAL AIRPORT, CH","  32.0","24","  25.5","24","9999.9"," 0","999.9"," 0","  5.1","24","  4.5","24","  9.7","999.9","  54.9"," ","  30.0"," "," 0.05","G","  0.4","001000"
"54511099999","2022-03-18","40.080111","116.584556","35.35","BEIJING CAPITAL INTERNATIONAL AIRPORT, CH","  30.3","24","  26.2","24","9999.9"," 0","999.9"," 0","  3.6","24","  4.1","24"," 11.7","999.9","  38.3"," ","  22.8"," "," 0.25","G","999.9","001000"
"54511099999","2022-03-19","40.080111","116.584556","35.35","BEIJING CAPITAL INTERNATIONAL AIRPORT, CH","  35.4","24","  19.2","24","9999.9"," 0","999.9"," 0","  6.2","24","  4.1","24","  7.8","999.9","  44.6","*","  22.6"," "," 0.00","G","999.9","000000"
"54511099999","2022-03-20","40.080111","116.584556","35.35","BEIJING CAPITAL INTERNATIONAL AIRPORT, CH","  42.6","24","  20.8","24","9999.9"," 0","999.9"," 0","  6.2","24","  5.6","24"," 11.7"," 13.4","  51.8","*","  30.4"," "," 0.00","G","999.9","000000"
"54511099999","2022-03-21","40.080111","116.584556","35.35","BEIJING CAPITAL INTERNATIONAL AIRPORT, CH","  42.6","24","  11.3","24","9999.9"," 0","999.9"," 0","  6.7","24","  6.9","24"," 17.5"," 21.4","  55.4","*","  26.6","*"," 0.00","G","999.9","000000"
"54511099999","2022-03-22","40.080111","116.584556","35.35","BEIJING CAPITAL INTERNATIONAL AIRPORT, CH","  38.0","24","  22.1","24","9999.9"," 0","999.9"," 0","  5.8","24","  3.6","24"," 11.7"," 19.4","  55.2"," ","  26.6","*"," 0.00","G","999.9","110000"
"54511099999","2022-03-23","40.080111","116.584556","35.35","BEIJING CAPITAL INTERNATIONAL AIRPORT, CH","  40.4","24","  32.5","24","9999.9"," 0","999.9"," 0","  3.9","24","  2.4","24","  3.9","999.9","  54.5"," ","  30.0"," "," 0.00","G","999.9","000000"
"54511099999","2022-03-24","40.080111","116.584556","35.35","BEIJING CAPITAL INTERNATIONAL AIRPORT, CH","  44.7","24","  41.4","24","9999.9"," 0","999.9"," 0","  1.7","24","  4.1","24","  7.8","999.9","  54.5"," ","  35.4"," "," 0.01","G","999.9","110000"
"54511099999","2022-03-25","40.080111","116.584556","35.35","BEIJING CAPITAL INTERNATIONAL AIRPORT, CH","  46.7","24","  22.4","24","9999.9"," 0","999.9"," 0","  5.9","24","  4.9","24","  9.7","999.9","  59.0","*","  28.4","*"," 0.00","G","999.9","000000"
"54511099999","2022-03-26","40.080111","116.584556","35.35","BEIJING CAPITAL INTERNATIONAL AIRPORT, CH","  54.7","24","   9.0","24","9999.9"," 0","999.9"," 0","  6.2","24"," 11.1","24"," 25.3"," 31.1","  69.1"," ","  32.7"," "," 0.00","G","999.9","000000"
"54511099999","2022-03-27","40.080111","116.584556","35.35","BEIJING CAPITAL INTERNATIONAL AIRPORT, CH","  50.3","24","   7.2","24","9999.9"," 0","999.9"," 0","  6.7","24","  7.4","24"," 13.6"," 23.3","  69.1"," ","  33.4"," "," 0.00","G","999.9","000000"
"54511099999","2022-03-28","40.080111","116.584556","35.35","BEIJING CAPITAL INTERNATIONAL AIRPORT, CH","  56.7","24","  26.8","24","9999.9"," 0","999.9"," 0","  6.4","24","  9.6","24"," 15.5","999.9","  64.4"," ","  42.1"," "," 0.00","G","999.9","000000"
"54511099999","2022-03-29","40.080111","116.584556","35.35","BEIJING CAPITAL INTERNATIONAL AIRPORT, CH","  48.3","24","  42.8","24","9999.9"," 0","999.9"," 0","  4.5","24","  2.8","24","  7.8","999.9","  64.4"," ","  41.0","*"," 0.04","G","999.9","010000"
"54511099999","2022-03-30","40.080111","116.584556","35.35","BEIJING CAPITAL INTERNATIONAL AIRPORT, CH","  42.9","24","  35.7","24","9999.9"," 0","999.9"," 0","  6.7","24","  4.9","24","  9.7","999.9","  54.9"," ","  32.0","*"," 0.00","G","999.9","010000"
"54511099999","2022-03-31","40.080111","116.584556","35.35","BEIJING CAPITAL INTERNATIONAL AIRPORT, CH","  46.6","24","  17.4","24","9999.9"," 0","999.9"," 0","  6.1","24","  8.0","24"," 19.4"," 27.2","  59.0"," ","  28.4","*"," 0.00","G","999.9","000000"
"54511099999","2022-04-01","40.080111","116.584556","35.35","BEIJING CAPITAL INTERNATIONAL AIRPORT, CH","  48.8","24","  21.9","24","9999.9"," 0","999.9"," 0","  6.5","24","  4.3","24","  9.7","999.9","  60.1"," ","  32.4"," "," 0.00","G","999.9","000000"
"54511099999","2022-04-02","40.080111","116.584556","35.35","BEIJING CAPITAL INTERNATIONAL AIRPORT, CH","  54.1","24","  18.1","24","9999.9"," 0","999.9"," 0","  6.7","24","  5.2","24","  9.7"," 17.5","  67.6"," ","  33.8","*"," 0.00","G","999.9","000000"
"54511099999","2022-04-03","40.080111","116.584556","35.35","BEIJING CAPITAL INTERNATIONAL AIRPORT, CH","  58.2","24","  25.4","24","9999.9"," 0","999.9"," 0","  6.3","24","  7.4","24"," 15.5","999.9","  71.6"," ","  41.5"," "," 0.00","G","999.9","000000"
"54511099999","2022-04-04","40.080111","116.584556","35.35","BEIJING CAPITAL INTERNATIONAL AIRPORT, CH","  59.0","24","  41.9","24","9999.9"," 0","999.9"," 0","  4.8","24","  5.1","24"," 11.7","999.9","  71.6"," ","  44.6","*"," 0.00","G","999.9","000000"
"54511099999","2022-04-05","40.080111","116.584556","35.35","BEIJING CAPITAL INTERNATIONAL AIRPORT, CH","  61.7","24","  27.5","24","9999.9"," 0","999.9"," 0","  6.0","24","  7.4","24"," 13.6","999.9","  77.2"," ","  48.2","*"," 0.00","G","999.9","000000"
"54511099999","2022-04-06","40.080111","116.584556","35.35","BEIJING CAPITAL INTERNATIONAL AIRPORT, CH","  46.3","24","  18.6","24","9999.9"," 0","999.9"," 0","  6.4","24","  6.2","24"," 11.7"," 15.9","  55.8","*","  32.0","*"," 0.00","G","999.9","000000"
"54511099999","2022-04-07","40.080111","116.584556","35.35","BEIJING CAPITAL INTERNATIONAL AIRPORT, CH","  57.1","24","  30.0","24","9999.9"," 0","999.9"," 0","  6.4","24","  3.8","24","  7.8"," 13.0","  74.3"," ","  36.9"," "," 0.00","G","999.9","000000"
"54511099999","2022-04-08","40.080111","116.584556","35.35","BEIJING CAPITAL INTERNATIONAL AIRPORT, CH","  60.4","24","  45.0","24","9999.9"," 0","999.9"," 0","  4.8","24","  4.1","24","  7.8"," 12.2","  75.2"," ","  45.5"," "," 0.00","G","999.9","000000"
"54511099999","2022-04-09","40.080111","116.584556","35.35","BEIJING CAPITAL INTERNATIONAL AIRPORT, CH","  65.5","24","  49.2","24","9999.9"," 0","999.9"," 0","  4.6","24","  4.5","24","  9.7"," 19.6","  77.0","*","  50.0","*"," 0.00","G","999.9","000000"
"54511099999","2022-04-10","40.080111","116.584556","35.35","BEIJING CAPITAL INTERNATIONAL AIRPORT, CH","  66.3","24","  53.9","24","9999.9"," 0","999.9"," 0","  3.2","24","  3.1","24","  5.8"," 13.6","  78.8"," ","  54.3"," "," 0.00","G","999.9","000000"
"54511099999","2022-04-11","40.080111","116.584556","35.35","BEIJING CAPITAL INTERNATIONAL AIRPORT, CH","  68.9","24","  31.6","24","9999.9"," 0","999.9"," 0","  5.2","24","  8.7","24"," 21.4"," 30.7","  82.4","*","  55.4","*"," 0.00","G","999.9","010000"
"54511099999","2022-04-12","40.080111","116.584556","35.35","BEIJING CAPITAL INTERNATIONAL AIRPORT, CH","  60.3","24","  31.6","24","9999.9"," 0","999.9"," 0","  6.4","24","  5.8","24","  9.7"," 19.4","  81.5"," ","  46.4","*"," 0.00","G","999.9","000000"
"54511099999","2022-04-13","40.080111","116.584556","35.35","BEIJING CAPITAL INTERNATIONAL AIRPORT, CH","  54.4","24","  28.3","24","9999.9"," 0","999.9"," 0","  6.3","24","  7.3","24"," 17.5"," 25.3","  70.2"," ","  37.4","*"," 0.00","G","999.9","000000"
"54511099999","2022-04-14","40.080111","116.584556","35.35","BEIJING CAPITAL INTERNATIONAL AIRPORT, CH","  57.2","24","  22.2","24","9999.9"," 0","999.9"," 0","  6.7","24"," 11.6","24"," 21.4"," 27.2","  68.2"," ","  41.0","*"," 0.00","G","999.9","000000"
"54511099999","2022-04-15","40.080111","116.584556","35.35","BEIJING CAPITAL INTERNATIONAL AIRPORT, CH","  55.6","24","  17.7","24","9999.9"," 0","999.9"," 0","  6.7","24","  4.7","24"," 11.7"," 21.6","  70.0"," ","  33.8","*"," 0.00","G","999.9","000000"
"54511099999","2022-04-16","40.080111","116.584556","35.35","BEIJING CAPITAL INTERNATIONAL AIRPORT, CH","  60.6","24","  19.5","24","9999.9"," 0","999.9"," 0","  6.6","24","  6.2","24"," 13.6"," 17.5","  75.2","*","  40.1"," "," 0.00","G","999.9","000000"
"54511099999","2022-04-17","40.080111","116.584556","35.35","BEIJING CAPITAL INTERNATIONAL AIRPORT, CH","  59.0","24","  36.6","24","9999.9"," 0","999.9"," 0","  6.0","24","  3.6","24","  9.7","999.9","  74.1"," ","  46.2"," "," 0.00","G","999.9","000000"
"54511099999","2022-04-18","40.080111","116.584556","35.35","BEIJING CAPITAL INTERNATIONAL AIRPORT, CH","  61.1","24","  37.8","24","9999.9"," 0","999.9"," 0","  5.0","24","  4.5","24","  7.8","999.9","  73.6"," ","  42.8","*"," 0.00","G","999.9","000000"
"54511099999","2022-04-19","40.080111","116.584556","35.35","BEIJING CAPITAL INTERNATIONAL AIRPORT, CH","  68.3","24","  36.0","24","9999.9"," 0","999.9"," 0","  5.7","24","  7.2","24"," 15.5","999.9","  82.4","*","  47.8"," "," 0.00","G","999.9","000000"
"54511099999","2022-04-20","40.080111","116.584556","35.35","BEIJING CAPITAL INTERNATIONAL AIRPORT, CH","  71.4","24","  44.1","24","9999.9"," 0","999.9"," 0","  6.1","24","  8.1","24"," 15.5","999.9","  84.2","*","  52.7"," "," 0.00","G","999.9","000000"
"54511099999","2022-04-21","40.080111","116.584556","35.35","BEIJING CAPITAL INTERNATIONAL AIRPORT, CH","  66.8","24","  36.8","24","9999.9"," 0","999.9"," 0","  6.2","24","  9.2","24"," 17.5"," 25.3","  83.8"," ","  46.4","*"," 0.00","G","999.9","000000"
"54511099999","2022-04-22","40.080111","116.584556","35.35","BEIJING CAPITAL INTERNATIONAL AIRPORT, CH","  62.5","24","  30.7","24","9999.9"," 0","999.9"," 0","  6.7","24","  7.3","24"," 13.6","999.9","  79.7"," ","  46.4","*"," 0.00","G","999.9","000000"
"54511099999","2022-04-23","40.080111","116.584556","35.35","BEIJING CAPITAL INTERNATIONAL AIRPORT, CH","  65.4","24","  46.5","24","9999.9"," 0","999.9"," 0","  6.1","24","  3.9","24","  9.7","999.9","  81.3"," ","  50.2"," "," 0.00","G","999.9","000000"
"54511099999","2022-04-24","40.080111","116.584556","35.35","BEIJING CAPITAL INTERNATIONAL AIRPORT, CH","  70.5","24","  51.1","24","9999.9"," 0","999.9"," 0","  5.8","24","  5.7","24"," 11.7"," 19.4","  81.3"," ","  55.0"," "," 0.00","G","999.9","000000"
"54511099999","2022-04-25","40.080111","116.584556","35.35","BEIJING CAPITAL INTERNATIONAL AIRPORT, CH","  70.4","24","  51.7","24","9999.9"," 0","999.9"," 0","  3.2","24","  7.0","24"," 23.3"," 33.0","  79.2"," ","  61.7"," "," 0.00","G","999.9","000000"
"54511099999","2022-04-26","40.080111","116.584556","35.35","BEIJING CAPITAL INTERNATIONAL AIRPORT, CH","  63.4","24","  12.6","24","9999.9"," 0","999.9"," 0","  6.1","24"," 11.9","24"," 31.1"," 44.7","  79.2"," ","  44.6","*"," 0.00","G","999.9","000000"
"54511099999","2022-04-27","40.080111","116.584556","35.35","BEIJING CAPITAL INTERNATIONAL AIRPORT, CH","  49.1","24","  40.8","24","9999.9"," 0","999.9"," 0","  6.1","24","  6.4","24"," 15.5"," 17.5","  73.8"," ","  46.0"," "," 0.50","G","999.9","010000"
"54511099999","2022-04-28","40.080111","116.584556","35.35","BEIJING CAPITAL INTERNATIONAL AIRPORT, CH","  53.4","24","  43.7","24","9999.9"," 0","999.9"," 0","  6.6","24","  3.6","24","  7.8","999.9","  60.8","*","  46.0"," "," 0.03","G","999.9","000000"
"54511099999","2022-04-29","40.080111","116.584556","35.35","BEIJING CAPITAL INTERNATIONAL AIRPORT, CH","  60.1","24","  40.1","24","9999.9"," 0","999.9"," 0","  5.8","24","  6.5","24"," 13.6"," 19.4","  66.2","*","  48.0"," "," 0.00","G","999.9","000000"
"54511099999","2022-04-30","40.080111","116.584556","35.35","BEIJING CAPITAL INTERNATIONAL AIRPORT, CH","  57.8","24","  25.9","24","9999.9"," 0","999.9"," 0","  6.7","24","  4.6","24"," 11.7"," 21.4","  73.4","*","  39.2","*"," 0.00","G","999.9","000000"
"54511099999","2022-05-01","40.080111","116.584556","35.35","BEIJING CAPITAL INTERNATIONAL AIRPORT, CH","  63.4","24","  35.9","24","9999.9"," 0","999.9"," 0","  6.6","24","  6.6","24"," 19.4"," 27.2","  80.6","*","  44.6","*"," 0.00","G","999.9","000000"
"54511099999","2022-05-02","40.080111","116.584556","35.35","BEIJING CAPITAL INTERNATIONAL AIRPORT, CH","  64.5","24","  40.4","24","9999.9"," 0","999.9"," 0","  6.2","24","  4.9","24","  9.7","999.9","  79.3"," ","  46.4","*"," 0.00","G","999.9","000000"
"54511099999","2022-05-03","40.080111","116.584556","35.35","BEIJING CAPITAL INTERNATIONAL AIRPORT, CH","  71.7","24","  47.4","24","9999.9"," 0","999.9"," 0","  6.3","24","  4.5","24"," 11.7"," 13.6","  89.6"," ","  51.6"," "," 0.00","G","999.9","000000"
"54511099999","2022-05-04","40.080111","116.584556","35.35","BEIJING CAPITAL INTERNATIONAL AIRPORT, CH","  79.0","24","  49.2","24","9999.9"," 0","999.9"," 0","  6.2","24","  7.1","24"," 13.6","999.9","  93.2","*","  58.1"," "," 0.00","G","999.9","000000"
"54511099999","2022-05-05","40.080111","116.584556","35.35","BEIJING CAPITAL INTERNATIONAL AIRPORT, CH","  75.5","24","  51.8","24","9999.9"," 0","999.9"," 0","  6.3","24","  6.6","24"," 15.5"," 27.2","  91.2"," ","  60.8","*"," 0.00","G","999.9","010000"
"54511099999","2022-05-06","40.080111","116.584556","35.35","BEIJING CAPITAL INTERNATIONAL AIRPORT, CH","  50.4","24","  43.3","24","9999.9"," 0","999.9"," 0","  6.2","24","  5.3","24","  9.7"," 19.4","  59.9","*","  42.8","*"," 0.17","G","999.9","010000"
"54511099999","2022-05-07","40.080111","116.584556","35.35","BEIJING CAPITAL INTERNATIONAL AIRPORT, CH","  57.3","24","  36.2","24","9999.9"," 0","999.9"," 0","  6.5","24","  7.6","24"," 15.5","999.9","  68.0","*","  44.1"," "," 0.24","G","999.9","010000"
"54511099999","2022-05-08","40.080111","116.584556","35.35","BEIJING CAPITAL INTERNATIONAL AIRPORT, CH","  50.2","24","  44.9","24","9999.9"," 0","999.9"," 0","  6.4","24","  2.7","24","  7.8","999.9","  65.8"," ","  44.6","*"," 0.03","G","999.9","010000"
"54511099999","2022-05-09","40.080111","116.584556","35.35","BEIJING CAPITAL INTERNATIONAL AIRPORT, CH","  59.4","24","  45.6","24","9999.9"," 0","999.9"," 0","  5.8","24","  5.7","24","  9.7","999.9","  68.0","*","  46.0"," "," 0.00","G","999.9","000000"
"54511099999","2022-05-10","40.080111","116.584556","35.35","BEIJING CAPITAL INTERNATIONAL AIRPORT, CH","  53.1","24","  48.0","24","9999.9"," 0","999.9"," 0","  3.3","24","  4.6","24","  9.7","999.9","  66.4"," ","  46.4","*"," 0.00","G","999.9","010000"
"54511099999","2022-05-11","40.080111","116.584556","35.35","BEIJING CAPITAL INTERNATIONAL AIRPORT, CH","  64.4","24","  43.3","24","9999.9"," 0","999.9"," 0","  6.0","24","  6.9","24"," 13.6","999.9","  71.6","*","  47.1"," "," 0.00","G","999.9","000000"
"54511099999","2022-05-12","40.080111","116.584556","35.35","BEIJING CAPITAL INTERNATIONAL AIRPORT, CH","  57.8","24","  41.8","24","9999.9"," 0","999.9"," 0","  6.5","24","  5.7","24"," 11.7","999.9","  69.3"," ","  42.8","*"," 0.00","G","999.9","000000"
"54511099999","2022-05-13","40.080111","116.584556","35.35","BEIJING CAPITAL INTERNATIONAL AIRPORT, CH","  62.5","24","  25.5","24","9999.9"," 0","999.9"," 0","  6.7","24","  6.9","24"," 13.6"," 23.3","  78.8","*","  44.6"," "," 0.00","G","999.9","000000"
"54511099999","2022-05-14","40.080111","116.584556","35.35","BEIJING CAPITAL INTERNATIONAL AIRPORT, CH","  62.7","24","  34.9","24","9999.9"," 0","999.9"," 0","  6.7","24","  5.2","24"," 13.6","999.9","  77.0","*","  44.6","*"," 0.00","G","999.9","000000"
"54511099999","2022-05-15","40.080111","116.584556","35.35","BEIJING CAPITAL INTERNATIONAL AIRPORT, CH","  66.6","24","  32.1","24","9999.9"," 0","999.9"," 0","  6.7","24","  5.7","24"," 11.7"," 23.3","  82.4","*","  46.4","*"," 0.00","G","999.9","000000"
"54511099999","2022-05-16","40.080111","116.584556","35.35","BEIJING CAPITAL INTERNATIONAL AIRPORT, CH","  71.7","24","  35.0","24","9999.9"," 0","999.9"," 0","  6.6","24","  5.1","24","  9.7","999.9","  84.2","*","  48.4"," "," 0.00","G","999.9","000000"
"54511099999","2022-05-17","40.080111","116.584556","35.35","BEIJING CAPITAL INTERNATIONAL AIRPORT, CH","  69.8","24","  47.7","24","9999.9"," 0","999.9"," 0","  6.3","24","  4.5","24"," 11.7","999.9","  86.0","*","  51.8","*"," 0.00","G","999.9","000000"
"54511099999","2022-05-18","40.080111","116.584556","35.35","BEIJING CAPITAL INTERNATIONAL AIRPORT, CH","  75.1","24","  41.3","24","9999.9"," 0","999.9"," 0","  6.5","24","  4.7","24","  9.7","999.9","  89.6","*","  55.4","*"," 0.00","G","999.9","000000"
"54511099999","2022-05-19","40.080111","116.584556","35.35","BEIJING CAPITAL INTERNATIONAL AIRPORT, CH","  75.3","24","  54.4","24","9999.9"," 0","999.9"," 0","  6.1","24","  4.6","24"," 11.7","999.9","  89.6","*","  59.0"," "," 0.00","G","999.9","000000"
"54511099999","2022-05-20","40.080111","116.584556","35.35","BEIJING CAPITAL INTERNATIONAL AIRPORT, CH","  77.2","24","  56.4","24","9999.9"," 0","999.9"," 0","  5.9","24","  4.2","24"," 11.7","999.9","  93.2","*","  60.8","*"," 0.00","G","999.9","000000"
"54511099999","2022-05-21","40.080111","116.584556","35.35","BEIJING CAPITAL INTERNATIONAL AIRPORT, CH","  81.8","24","  55.0","24","9999.9"," 0","999.9"," 0","  6.0","24","  5.3","24"," 13.6","999.9","  98.6","*","  60.8","*"," 0.00","G","999.9","000000"
"54511099999","2022-05-22","40.080111","116.584556","35.35","BEIJING CAPITAL INTERNATIONAL AIRPORT, CH","  80.9","24","  60.8","24","9999.9"," 0","999.9"," 0","  6.1","24","  4.5","24","  7.8","999.9","  94.3"," ","  64.8"," "," 0.00","G","999.9","000000"
"54511099999","2022-05-23","40.080111","116.584556","35.35","BEIJING CAPITAL INTERNATIONAL AIRPORT, CH","  78.7","24","  54.3","24","9999.9"," 0","999.9"," 0","  6.2","24","  5.9","24"," 11.7","999.9","  93.2"," ","  62.6","*"," 0.00","G","999.9","000000"
"54511099999","2022-05-24","40.080111","116.584556","35.35","BEIJING CAPITAL INTERNATIONAL AIRPORT, CH","  79.3","24","  52.0","24","9999.9"," 0","999.9"," 0","  6.1","24","  9.7","24"," 23.3"," 33.0","  91.4","*","  66.2"," "," 0.00","G","999.9","010010"
"54511099999","2022-05-25","40.080111","116.584556","35.35","BEIJING CAPITAL INTERNATIONAL AIRPORT, CH","  72.3","24","  37.1","24","9999.9"," 0","999.9"," 0","  6.7","24","  5.9","24"," 13.6"," 23.3","  89.4"," ","  53.6","*"," 0.00","G","999.9","000000"
"54511099999","2022-05-26","40.080111","116.584556","35.35","BEIJING CAPITAL INTERNATIONAL AIRPORT, CH","  75.8","24","  41.5","24","9999.9"," 0","999.9"," 0","  6.6","24","  5.1","24"," 15.5"," 21.4","  95.0","*","  53.6","*"," 0.00","G","999.9","000000"
"54511099999","2022-05-27","40.080111","116.584556","35.35","BEIJING CAPITAL INTERNATIONAL AIRPORT, CH","  82.8","24","  41.5","24","9999.9"," 0","999.9"," 0","  6.5","24","  6.4","24"," 13.6"," 21.4","  96.8","*","  61.0"," "," 0.00","G","999.9","000000"
"54511099999","2022-05-28","40.080111","116.584556","35.35","BEIJING CAPITAL INTERNATIONAL AIRPORT, CH","  86.1","24","  58.0","24","9999.9"," 0","999.9"," 0","  6.2","24","  7.5","24"," 13.6","999.9","  96.8","*","  71.6"," "," 0.00","G","999.9","000000"
"54511099999","2022-05-29","40.080111","116.584556","35.35","BEIJING CAPITAL INTERNATIONAL AIRPORT, CH","  69.5","24","  40.8","24","9999.9"," 0","999.9"," 0","  6.3","24","  9.1","24"," 21.4"," 31.1","  95.5"," ","  50.0","*"," 0.00","G","999.9","010000"
"54511099999","2022-05-30","40.080111","116.584556","35.35","BEIJING CAPITAL INTERNATIONAL AIRPORT, CH","  72.0","24","  36.8","24","9999.9"," 0","999.9"," 0","  6.7","24","  7.1","24"," 21.4"," 33.0","  89.6","*","  51.8","*"," 0.00","G","999.9","000000"
"54511099999","2022-05-31","40.080111","116.584556","35.35","BEIJING CAPITAL INTERNATIONAL AIRPORT, CH","  72.1","24","  51.5","24","9999.9"," 0","999.9"," 0","  6.7","24","  3.5","24","  7.8","999.9","  89.4"," ","  55.4","*"," 0.00","G","999.9","000000"
"54511099999","2022-06-01","40.080111","116.584556","35.35","BEIJING CAPITAL INTERNATIONAL AIRPORT, CH","  79.7","24","  42.8","24","9999.9"," 0","999.9"," 0","  6.3","24","  5.1","24"," 11.7","999.9","  96.8","*","  59.0","*"," 0.00","G","999.9","000000"
"54511099999","2022-06-02","40.080111","116.584556","35.35","BEIJING CAPITAL INTERNATIONAL AIRPORT, CH","  82.3","24","  52.5","24","9999.9"," 0","999.9"," 0","  6.3","24","  5.6","24"," 13.6","999.9","  98.6","*","  61.9"," "," 0.00","G","999.9","000000"
"54511099999","2022-06-03","40.080111","116.584556","35.35","BEIJING CAPITAL INTERNATIONAL AIRPORT, CH","  83.9","24","  62.9","24","9999.9"," 0","999.9"," 0","  6.1","24","  6.5","24"," 13.6","999.9","  96.4"," ","  70.2"," "," 0.00","G","999.9","010010"
"54511099999","2022-06-04","40.080111","116.584556","35.35","BEIJING CAPITAL INTERNATIONAL AIRPORT, CH","  76.7","24","  64.2","24","9999.9"," 0","999.9"," 0","  6.3","24","  4.0","24"," 11.7","999.9","  95.7"," ","  64.4","*"," 0.01","G","999.9","010010"
"54511099999","2022-06-05","40.080111","116.584556","35.35","BEIJING CAPITAL INTERNATIONAL AIRPORT, CH","  81.8","24","  40.0","24","9999.9"," 0","999.9"," 0","  6.7","24"," 11.9","24"," 23.3"," 35.0","  95.0","*","  66.2"," "," 0.00","G","999.9","000000"
"54511099999","2022-06-06","40.080111","116.584556","35.35","BEIJING CAPITAL INTERNATIONAL AIRPORT, CH","  73.2","24","  46.5","24","9999.9"," 0","999.9"," 0","  6.7","24","  6.2","24"," 13.6"," 19.4","  94.3"," ","  55.4","*"," 0.00","G","999.9","000000"
"54511099999","2022-06-07","40.080111","116.584556","35.35","BEIJING CAPITAL INTERNATIONAL AIRPORT, CH","  72.8","24","  50.3","24","9999.9"," 0","999.9"," 0","  6.7","24","  5.4","24"," 11.7","999.9","  83.1"," ","  62.6"," "," 0.00","G","999.9","000000"
"54511099999","2022-06-08","40.080111","116.584556","35.35","BEIJING CAPITAL INTERNATIONAL AIRPORT, CH","  69.6","24","  54.7","24","9999.9"," 0","999.9"," 0","  6.0","24","  5.3","24","  9.7","999.9","  79.9"," ","  62.6","*"," 0.00","G","999.9","000000"
"54511099999","2022-06-09","40.080111","116.584556","35.35","BEIJING CAPITAL INTERNATIONAL AIRPORT, CH","  70.1","24","  58.3","24","9999.9"," 0","999.9"," 0","  5.6","24","  3.5","24","  7.8","999.9","  77.2"," ","  62.6","*"," 0.00","G","999.9","000010"
"54511099999","2022-06-10","40.080111","116.584556","35.35","BEIJING CAPITAL INTERNATIONAL AIRPORT, CH","  75.2","24","  63.7","24","9999.9"," 0","999.9"," 0","  5.6","24","  6.1","24"," 11.7"," 13.6","  84.2","*","  64.8"," "," 0.30","G","999.9","010010"
"54511099999","2022-06-11","40.080111","116.584556","35.35","BEIJING CAPITAL INTERNATIONAL AIRPORT, CH","  71.1","24","  65.6","24","9999.9"," 0","999.9"," 0","  5.1","24","  4.9","24"," 11.7"," 13.6","  83.1"," ","  65.8"," "," 0.65","G","999.9","010010"
"54511099999","2022-06-12","40.080111","116.584556","35.35","BEIJING CAPITAL INTERNATIONAL AIRPORT, CH","  69.3","24","  64.1","24","9999.9"," 0","999.9"," 0","  5.2","24","  6.1","24"," 15.5"," 27.2","  80.8"," ","  60.8","*"," 0.86","G","999.9","010010"
"54511099999","2022-06-13","40.080111","116.584556","35.35","BEIJING CAPITAL INTERNATIONAL AIRPORT, CH","  67.2","24","  62.5","24","9999.9"," 0","999.9"," 0","  6.1","24","  3.7","24","  7.8","999.9","  80.8"," ","  61.7"," "," 0.00","G","999.9","000000"
"54511099999","2022-06-14","40.080111","116.584556","35.35","BEIJING CAPITAL INTERNATIONAL AIRPORT, CH","  72.0","24","  61.3","24","9999.9"," 0","999.9"," 0","  6.0","24","  4.5","24","  7.8"," 13.6","  80.6"," ","  64.9"," "," 0.00","G","999.9","010010"
"54511099999","2022-06-15","40.080111","116.584556","35.35","BEIJING CAPITAL INTERNATIONAL AIRPORT, CH","  74.1","24","  63.8","24","9999.9"," 0","999.9"," 0","  5.2","24","  4.9","24","  7.8","999.9","  81.7"," ","  66.7"," "," 0.00","G","999.9","010000"
"54511099999","2022-06-16","40.080111","116.584556","35.35","BEIJING CAPITAL INTERNATIONAL AIRPORT, CH","  76.2","24","  67.2","24","9999.9"," 0","999.9"," 0","  4.9","24","  3.3","24","  5.8","999.9","  86.2"," ","  68.0"," "," 0.00","G","999.9","000000"
"54511099999","2022-06-17","40.080111","116.584556","35.35","BEIJING CAPITAL INTERNATIONAL AIRPORT, CH","  79.5","24","  68.9","24","9999.9"," 0","999.9"," 0","  5.1","24","  4.6","24","  7.8","999.9","  87.8","*","  68.0"," "," 0.00","G","999.9","010000"
"54511099999","2022-06-18","40.080111","116.584556","35.35","BEIJING CAPITAL INTERNATIONAL AIRPORT, CH","  81.1","24","  69.9","24","9999.9"," 0","999.9"," 0","  5.2","24","  4.1","24","  7.8","999.9","  90.0"," ","  69.8","*"," 0.04","G","999.9","010000"
"54511099999","2022-06-19","40.080111","116.584556","35.35","BEIJING CAPITAL INTERNATIONAL AIRPORT, CH","  81.3","24","  70.9","24","9999.9"," 0","999.9"," 0","  4.8","24","  4.5","24","  7.8","999.9","  90.0"," ","  71.2"," "," 0.00","G","999.9","000000"
"54511099999","2022-06-20","40.080111","116.584556","35.35","BEIJING CAPITAL INTERNATIONAL AIRPORT, CH","  84.8","24","  73.4","24","9999.9"," 0","999.9"," 0","  5.2","24","  4.0","24","  9.7","999.9","  95.0","*","  73.0"," "," 0.00","G","999.9","000000"
"54511099999","2022-06-21","40.080111","116.584556","35.35","BEIJING CAPITAL INTERNATIONAL AIRPORT, CH","  84.8","24","  72.2","24","9999.9"," 0","999.9"," 0","  4.7","24","  4.0","24","  9.7","999.9","  94.8"," ","  76.8"," "," 0.00","G","999.9","000000"
"54511099999","2022-06-22","40.080111","116.584556","35.35","BEIJING CAPITAL INTERNATIONAL AIRPORT, CH","  75.0","24","  72.7","24","9999.9"," 0","999.9"," 0","  3.2","24","  4.0","24","  7.8","999.9","  92.8"," ","  70.5"," "," 0.14","G","999.9","010000"
"54511099999","2022-06-23","40.080111","116.584556","35.35","BEIJING CAPITAL INTERNATIONAL AIRPORT, CH","  81.2","24","  63.2","24","9999.9"," 0","999.9"," 0","  6.7","24","  4.4","24"," 17.5"," 31.1","  97.5"," ","  66.2","*"," 0.00","G","999.9","010010"
"54511099999","2022-06-24","40.080111","116.584556","35.35","BEIJING CAPITAL INTERNATIONAL AIRPORT, CH","  85.2","24","  57.8","24","9999.9"," 0","999.9"," 0","  6.7","24","  4.6","24"," 13.6"," 23.3"," 100.4","*","  66.2","*"," 0.00","G","999.9","000000"
"54511099999","2022-06-25","40.080111","116.584556","35.35","BEIJING CAPITAL INTERNATIONAL AIRPORT, CH","  89.7","24","  67.4","24","9999.9"," 0","999.9"," 0","  6.4","24","  4.1","24"," 15.5","999.9"," 102.6"," ","  70.9"," "," 0.00","G","999.9","000000"
"54511099999","2022-06-26","40.080111","116.584556","35.35","BEIJING CAPITAL INTERNATIONAL AIRPORT, CH","  82.1","24","  68.6","24","9999.9"," 0","999.9"," 0","  6.2","24","  5.0","24","  7.8","999.9"," 102.6"," ","  72.1"," "," 0.37","G","999.9","010000"
"54511099999","2022-06-27","40.080111","116.584556","35.35","BEIJING CAPITAL INTERNATIONAL AIRPORT, CH","  79.1","24","  71.7","24","9999.9"," 0","999.9"," 0","  5.7","24","  4.0","24","  7.8","999.9","  89.6"," ","  71.6","*"," 0.42","G","999.9","010010"
"54511099999","2022-06-28","40.080111","116.584556","35.35","BEIJING CAPITAL INTERNATIONAL AIRPORT, CH","  74.3","24","  68.9","24","9999.9"," 0","999.9"," 0","  6.1","24","  7.1","24"," 11.7","999.9","  88.0"," ","  69.8"," "," 0.48","G","999.9","010000"
"54511099999","2022-06-29","40.080111","116.584556","35.35","BEIJING CAPITAL INTERNATIONAL AIRPORT, CH","  75.3","24","  69.0","24","9999.9"," 0","999.9"," 0","  6.0","24","  5.1","24","  9.7","999.9","  82.0"," ","  69.8"," "," 0.17","G","999.9","010000"
"54511099999","2022-06-30","40.080111","116.584556","35.35","BEIJING CAPITAL INTERNATIONAL AIRPORT, CH","  80.5","24","  69.9","24","9999.9"," 0","999.9"," 0","  6.5","24","  3.7","24","  9.7","999.9","  89.1"," ","  70.9"," "," 0.00","G","999.9","010010"
"54511099999","2022-07-01","40.080111","116.584556","35.35","BEIJING CAPITAL INTERNATIONAL AIRPORT, CH","  77.5","24","  72.2","24","9999.9"," 0","999.9"," 0","  5.7","24","  3.0","24","  5.8","999.9","  89.1"," ","  72.0"," "," 0.15","G","999.9","010000"
"54511099999","2022-07-02","40.080111","116.584556","35.35","BEIJING CAPITAL INTERNATIONAL AIRPORT, CH","  81.7","24","  74.2","24","9999.9"," 0","999.9"," 0","  4.9","24","  3.7","24","  7.8","999.9","  88.7"," ","  73.0"," "," 1.40","G","999.9","010110"
"54511099999","2022-07-03","40.080111","116.584556","35.35","BEIJING CAPITAL INTERNATIONAL AIRPORT, CH","  75.3","24","  73.7","24","9999.9"," 0","999.9"," 0","  3.8","24","  3.6","24","  7.8","999.9","  88.7"," ","  71.6","*"," 1.96","G","999.9","010000"
"54511099999","2022-07-04","40.080111","116.584556","35.35","BEIJING CAPITAL INTERNATIONAL AIRPORT, CH","  80.3","24","  76.0","24","9999.9"," 0","999.9"," 0","  5.8","24","  3.4","24","  7.8","999.9","  85.6"," ","  72.1"," "," 0.00","G","999.9","010000"
"54511099999","2022-07-05","40.080111","116.584556","35.35","BEIJING CAPITAL INTERNATIONAL AIRPORT, CH","  79.9","24","  75.3","24","9999.9"," 0","999.9"," 0","  4.9","24","  5.6","24"," 13.6","999.9","  91.4","*","  72.9"," "," 0.15","G","999.9","010010"
"54511099999","2022-07-06","40.080111","116.584556","35.35","BEIJING CAPITAL INTERNATIONAL AIRPORT, CH","  78.1","24","  72.6","24","9999.9"," 0","999.9"," 0","  6.2","24","  3.3","24","  7.8","999.9","  91.2"," ","  69.8","*"," 0.06","G","999.9","010000"
"54511099999","2022-07-07","40.080111","116.584556","35.35","BEIJING CAPITAL INTERNATIONAL AIRPORT, CH","  86.2","24","  70.7","24","9999.9"," 0","999.9"," 0","  6.0","24","  3.5","24","  5.8","999.9","  97.3"," ","  72.0"," "," 0.00","G","999.9","000000"
"54511099999","2022-07-08","40.080111","116.584556","35.35","BEIJING CAPITAL INTERNATIONAL AIRPORT, CH","  83.2","24","  72.6","24","9999.9"," 0","999.9"," 0","  6.0","24","  3.6","24","  7.8","999.9","  97.3"," ","  71.6","*"," 0.00","G","999.9","000000"
"54511099999","2022-07-09","40.080111","116.584556","35.35","BEIJING CAPITAL INTERNATIONAL AIRPORT, CH","  82.7","24","  66.5","24","9999.9"," 0","999.9"," 0","  6.7","24","  4.4","24","  7.8","999.9","  95.2"," ","  68.0","*"," 0.43","G","999.9","010000"
"54511099999","2022-07-10","40.080111","116.584556","35.35","BEIJING CAPITAL INTERNATIONAL AIRPORT, CH","  74.1","24","  66.8","24","9999.9"," 0","999.9"," 0","  6.0","24","  3.7","24","  7.8","999.9","  95.2"," ","  66.2","*"," 0.69","G","999.9","010000"
"54511099999","2022-07-11","40.080111","116.584556","35.35","BEIJING CAPITAL INTERNATIONAL AIRPORT, CH","  76.9","24","  71.6","24","9999.9"," 0","999.9"," 0","  5.6","24","  2.9","24","  5.8","999.9","  82.4","*","  67.3"," "," 0.36","G","999.9","010000"
"54511099999","2022-07-12","40.080111","116.584556","35.35","BEIJING CAPITAL INTERNATIONAL AIRPORT, CH","  74.8","24","  70.2","24","9999.9"," 0","999.9"," 0","  5.7","24","  4.0","24","  7.8","999.9","  81.5"," ","  69.1"," "," 0.34","G","999.9","010000"
"54511099999","2022-07-13","40.080111","116.584556","35.35","BEIJING CAPITAL INTERNATIONAL AIRPORT, CH","  84.2","24","  73.5","24","9999.9"," 0","999.9"," 0","  6.5","24","  4.6","24","  9.7","999.9","  95.0","*","  69.1"," "," 0.00","G","999.9","000000"
"54511099999","2022-07-14","40.080111","116.584556","35.35","BEIJING CAPITAL INTERNATIONAL AIRPORT, CH","  84.6","24","  65.3","24","9999.9"," 0","999.9"," 0","  6.7","24","  4.8","24","  9.7","999.9","  96.8","*","  69.8","*"," 0.00","G","999.9","000000"
"54511099999","2022-07-15","40.080111","116.584556","35.35","BEIJING CAPITAL INTERNATIONAL AIRPORT, CH","  86.9","24","  65.7","24","9999.9"," 0","999.9"," 0","  6.8","24","  4.3","24","  9.7"," 21.4","  98.6","*","  73.4","*"," 0.00","G","999.9","000000"
"54511099999","2022-07-16","40.080111","116.584556","35.35","BEIJING CAPITAL INTERNATIONAL AIRPORT, CH","  83.5","24","  73.3","24","9999.9"," 0","999.9"," 0","  6.1","24","  4.9","24","  9.7","999.9","  97.3"," ","  73.4","*"," 0.00","G","999.9","000000"
"54511099999","2022-07-17","40.080111","116.584556","35.35","BEIJING CAPITAL INTERNATIONAL AIRPORT, CH","  86.8","24","  66.0","24","9999.9"," 0","999.9"," 0","  6.1","24","  5.9","24"," 13.6"," 21.4","  99.0"," ","  73.4","*"," 0.00","G","999.9","000000"
"54511099999","2022-07-18","40.080111","116.584556","35.35","BEIJING CAPITAL INTERNATIONAL AIRPORT, CH","  84.6","24","  64.3","24","9999.9"," 0","999.9"," 0","  6.5","24","  4.1","24"," 11.7","999.9","  99.0"," ","  69.8","*"," 0.00","G","999.9","000000"
"54511099999","2022-07-19","40.080111","116.584556","35.35","BEIJING CAPITAL INTERNATIONAL AIRPORT, CH","  83.8","24","  68.3","24","9999.9"," 0","999.9"," 0","  6.3","24","  4.1","24","  9.7","999.9","  96.3"," ","  71.1"," "," 0.00","G","999.9","000000"
"54511099999","2022-07-20","40.080111","116.584556","35.35","BEIJING CAPITAL INTERNATIONAL AIRPORT, CH","  82.2","24","  67.9","24","9999.9"," 0","999.9"," 0","  6.1","24","  6.1","24"," 11.7"," 19.4","  91.4","*","  71.6","*"," 0.00","G","999.9","000000"
"54511099999","2022-07-21","40.080111","116.584556","35.35","BEIJING CAPITAL INTERNATIONAL AIRPORT, CH","  83.5","24","  69.0","24","9999.9"," 0","999.9"," 0","  6.1","24","  3.9","24","  7.8","999.9","  93.2","*","  71.6","*"," 0.00","G","999.9","000000"
"54511099999","2022-07-22","40.080111","116.584556","35.35","BEIJING CAPITAL INTERNATIONAL AIRPORT, CH","  80.2","24","  71.2","24","9999.9"," 0","999.9"," 0","  5.9","24","  5.8","24"," 13.6"," 23.3","  91.9"," ","  70.7"," "," 0.51","G","999.9","010010"
"54511099999","2022-07-23","40.080111","116.584556","35.35","BEIJING CAPITAL INTERNATIONAL AIRPORT, CH","  82.7","24","  68.1","24","9999.9"," 0","999.9"," 0","  6.5","24","  4.6","24"," 11.7","999.9","  93.2","*","  70.7"," "," 0.00","G","999.9","000000"
"54511099999","2022-07-24","40.080111","116.584556","35.35","BEIJING CAPITAL INTERNATIONAL AIRPORT, CH","  82.1","24","  71.2","24","9999.9"," 0","999.9"," 0","  5.9","24","  5.3","24"," 17.5"," 29.1","  93.2","*","  73.0"," "," 0.00","G","999.9","000010"
"54511099999","2022-07-25","40.080111","116.584556","35.35","BEIJING CAPITAL INTERNATIONAL AIRPORT, CH","  84.1","24","  71.9","24","9999.9"," 0","999.9"," 0","  6.3","24","  4.5","24","  7.8","999.9","  92.3"," ","  73.4","*"," 0.00","G","999.9","000000"
"54511099999","2022-07-26","40.080111","116.584556","35.35","BEIJING CAPITAL INTERNATIONAL AIRPORT, CH","  81.7","24","  72.1","24","9999.9"," 0","999.9"," 0","  6.2","24","  5.0","24","  9.7","999.9","  91.9"," ","  68.0","*"," 1.85","G","999.9","010010"
"54511099999","2022-07-27","40.080111","116.584556","35.35","BEIJING CAPITAL INTERNATIONAL AIRPORT, CH","  73.4","24","  71.7","24","9999.9"," 0","999.9"," 0","  5.1","24","  5.6","24"," 11.7"," 15.5","  91.9"," ","  68.0","*"," 3.98","G","999.9","010010"
"54511099999","2022-07-28","40.080111","116.584556","35.35","BEIJING CAPITAL INTERNATIONAL AIRPORT, CH","  75.9","24","  70.2","24","9999.9"," 0","999.9"," 0","  6.7","24","  4.2","24","  9.7","999.9","  86.0","*","  68.7"," "," 0.01","G","999.9","010000"
"54511099999","2022-07-29","40.080111","116.584556","35.35","BEIJING CAPITAL INTERNATIONAL AIRPORT, CH","  81.7","24","  72.0","24","9999.9"," 0","999.9"," 0","  6.1","24","  3.7","24","  5.8","999.9","  89.6","*","  70.5"," "," 0.00","G","999.9","000000"
"54511099999","2022-07-30","40.080111","116.584556","35.35","BEIJING CAPITAL INTERNATIONAL AIRPORT, CH","  81.6","24","  74.6","24","9999.9"," 0","999.9"," 0","  5.7","24","  4.5","24","  9.7","999.9","  89.6","*","  74.7"," "," 0.00","G","999.9","000000"
"54511099999","2022-07-31","40.080111","116.584556","35.35","BEIJING CAPITAL INTERNATIONAL AIRPORT, CH","  83.6","24","  76.7","24","9999.9"," 0","999.9"," 0","  5.6","24","  4.0","24","  5.8","999.9","  91.4"," ","  77.0","*"," 0.00","G","999.9","000000"
"54511099999","2022-08-01","40.080111","116.584556","35.35","BEIJING CAPITAL INTERNATIONAL AIRPORT, CH","  85.6","24","  78.8","24","9999.9"," 0","999.9"," 0","  4.9","24","  3.2","24","  5.8","999.9","  93.4"," ","  78.1"," "," 0.00","G","999.9","000000"
"54511099999","2022-08-02","40.080111","116.584556","35.35","BEIJING CAPITAL INTERNATIONAL AIRPORT, CH","  87.7","24","  79.0","24","9999.9"," 0","999.9"," 0","  5.1","24","  5.1","24","  9.7","999.9","  95.0","*","  79.5"," "," 0.00","G","999.9","000000"
"54511099999","2022-08-03","40.080111","116.584556","35.35","BEIJING CAPITAL INTERNATIONAL AIRPORT, CH","  88.2","24","  78.7","24","9999.9"," 0","999.9"," 0","  5.5","24","  4.7","24","  9.7","999.9","  96.8","*","  80.6","*"," 0.00","G","999.9","010000"
"54511099999","2022-08-04","40.080111","116.584556","35.35","BEIJING CAPITAL INTERNATIONAL AIRPORT, CH","  84.5","24","  77.9","24","9999.9"," 0","999.9"," 0","  5.8","24","  5.0","24"," 13.6","999.9","  96.8","*","  75.2","*"," 0.44","G","999.9","010010"
"54511099999","2022-08-05","40.080111","116.584556","35.35","BEIJING CAPITAL INTERNATIONAL AIRPORT, CH","  87.3","24","  76.8","24","9999.9"," 0","999.9"," 0","  6.2","24","  2.5","24","  5.8","999.9","  98.6","*","  77.2"," "," 0.00","G","999.9","000000"
"54511099999","2022-08-06","40.080111","116.584556","35.35","BEIJING CAPITAL INTERNATIONAL AIRPORT, CH","  83.1","24","  78.3","24","9999.9"," 0","999.9"," 0","  5.8","24","  3.9","24","  9.7"," 17.5","  98.1"," ","  77.2"," "," 1.07","G","999.9","010000"
"54511099999","2022-08-07","40.080111","116.584556","35.35","BEIJING CAPITAL INTERNATIONAL AIRPORT, CH","  84.6","24","  79.0","24","9999.9"," 0","999.9"," 0","  5.5","24","  4.0","24","  9.7","999.9","  93.2","*","  77.2"," "," 0.16","G","999.9","010000"
"54511099999","2022-08-08","40.080111","116.584556","35.35","BEIJING CAPITAL INTERNATIONAL AIRPORT, CH","  77.4","24","  66.8","24","9999.9"," 0","999.9"," 0","  6.7","24","  5.1","24","  9.7","999.9","  90.9"," ","  69.8"," "," 0.01","G","999.9","010000"
"54511099999","2022-08-09","40.080111","116.584556","35.35","BEIJING CAPITAL INTERNATIONAL AIRPORT, CH","  70.9","24","  67.0","24","9999.9"," 0","999.9"," 0","  6.6","24","  4.6","24","  7.8","999.9","  82.0"," ","  64.4","*"," 0.24","G","999.9","010000"
"54511099999","2022-08-10","40.080111","116.584556","35.35","BEIJING CAPITAL INTERNATIONAL AIRPORT, CH","  78.8","21","  69.2","21","9999.9"," 0","999.9"," 0","  5.9","21","  3.9","21","  7.8","999.9","  87.8","*","  64.2"," "," 0.00","G","999.9","000000"
"54511099999","2022-08-11","40.080111","116.584556","35.35","BEIJING CAPITAL INTERNATIONAL AIRPORT, CH","  81.6","24","  73.8","24","9999.9"," 0","999.9"," 0","  5.7","24","  4.1","24","  9.7","999.9","  89.6","*","  69.4"," "," 0.00","G","999.9","000000"
"54511099999","2022-08-12","40.080111","116.584556","35.35","BEIJING CAPITAL INTERNATIONAL AIRPORT, CH","  81.9","24","  74.4","24","9999.9"," 0","999.9"," 0","  5.3","24","  3.6","24","  7.8","999.9","  89.6","*","  73.2"," "," 0.00","G","999.9","000000"
"54511099999","2022-08-13","40.080111","116.584556","35.35","BEIJING CAPITAL INTERNATIONAL AIRPORT, CH","  83.3","24","  75.6","24","9999.9"," 0","999.9"," 0","  4.7","24","  4.0","24","  7.8","999.9","  90.3"," ","  75.2","*"," 0.00","G","999.9","010000"
"54511099999","2022-08-14","40.080111","116.584556","35.35","BEIJING CAPITAL INTERNATIONAL AIRPORT, CH","  74.7","24","  74.3","24","9999.9"," 0","999.9"," 0","  4.0","24","  3.5","24","  5.8","999.9","  90.3"," ","  73.4","*"," 0.38","G","999.9","010000"
"54511099999","2022-08-15","40.080111","116.584556","35.35","BEIJING CAPITAL INTERNATIONAL AIRPORT, CH","  81.8","24","  62.6","24","9999.9"," 0","999.9"," 0","  6.0","24","  7.4","24"," 17.5","999.9","  96.8","*","  66.2","*"," 0.00","G","999.9","000000"
"54511099999","2022-08-16","40.080111","116.584556","35.35","BEIJING CAPITAL INTERNATIONAL AIRPORT, CH","  80.0","24","  65.8","24","9999.9"," 0","999.9"," 0","  6.7","24","  4.4","24","  7.8","999.9","  95.2"," ","  67.8"," "," 0.00","G","999.9","000000"
"54511099999","2022-08-17","40.080111","116.584556","35.35","BEIJING CAPITAL INTERNATIONAL AIRPORT, CH","  80.6","24","  73.7","24","9999.9"," 0","999.9"," 0","  6.0","24","  5.1","24","  9.7","999.9","  87.8"," ","  72.7"," "," 0.04","G","999.9","010000"
"54511099999","2022-08-18","40.080111","116.584556","35.35","BEIJING CAPITAL INTERNATIONAL AIRPORT, CH","  74.4","24","  74.2","24","9999.9"," 0","999.9"," 0","  2.2","24","  3.5","24"," 13.6","999.9","  87.3"," ","  73.2"," "," 0.63","G","999.9","110000"
"54511099999","2022-08-19","40.080111","116.584556","35.35","BEIJING CAPITAL INTERNATIONAL AIRPORT, CH","  77.9","24","  64.5","24","9999.9"," 0","999.9"," 0","  6.6","24","  7.0","24"," 17.5"," 21.4","  89.6","*","  66.2","*"," 0.00","G","999.9","000000"
"54511099999","2022-08-20","40.080111","116.584556","35.35","BEIJING CAPITAL INTERNATIONAL AIRPORT, CH","  80.2","24","  69.7","24","9999.9"," 0","999.9"," 0","  6.3","24","  5.9","24"," 11.7","999.9","  89.1"," ","  68.4"," "," 0.00","G","999.9","000000"
"54511099999","2022-08-21","40.080111","116.584556","35.35","BEIJING CAPITAL INTERNATIONAL AIRPORT, CH","  78.5","24","  72.5","24","9999.9"," 0","999.9"," 0","  4.7","24","  3.7","24","  7.8","999.9","  88.5"," ","  73.4","*"," 1.26","G","999.9","010000"
"54511099999","2022-08-22","40.080111","116.584556","35.35","BEIJING CAPITAL INTERNATIONAL AIRPORT, CH","  76.4","24","  59.7","24","9999.9"," 0","999.9"," 0","  6.0","24","  7.4","24"," 15.5","999.9","  93.2","*","  60.8","*"," 0.00","G","999.9","010000"
"54511099999","2022-08-23","40.080111","116.584556","35.35","BEIJING CAPITAL INTERNATIONAL AIRPORT, CH","  74.2","24","  54.8","24","9999.9"," 0","999.9"," 0","  6.7","24","  5.2","24"," 13.6","999.9","  91.9"," ","  61.7"," "," 0.00","G","999.9","010000"
"54511099999","2022-08-24","40.080111","116.584556","35.35","BEIJING CAPITAL INTERNATIONAL AIRPORT, CH","  73.4","24","  61.6","24","9999.9"," 0","999.9"," 0","  6.6","24","  3.9","24","  7.8"," 15.5","  83.7"," ","  64.4","*"," 0.00","G","999.9","000000"
"54511099999","2022-08-25","40.080111","116.584556","35.35","BEIJING CAPITAL INTERNATIONAL AIRPORT, CH","  75.5","24","  54.9","24","9999.9"," 0","999.9"," 0","  6.5","24","  5.7","24"," 15.5"," 17.5","  90.1"," ","  60.8","*"," 0.00","G","999.9","000000"
"54511099999","2022-08-26","40.080111","116.584556","35.35","BEIJING CAPITAL INTERNATIONAL AIRPORT, CH","  68.6","24","  44.7","24","9999.9"," 0","999.9"," 0","  6.4","24","  9.3","24"," 23.3"," 33.0","  90.1"," ","  51.8","*"," 0.00","G","999.9","000000"
"54511099999","2022-08-27","40.080111","116.584556","35.35","BEIJING CAPITAL INTERNATIONAL AIRPORT, CH","  68.1","24","  49.3","24","9999.9"," 0","999.9"," 0","  6.7","24","  3.2","24","  5.8","999.9","  81.9"," ","  55.4","*"," 0.00","G","999.9","000000"
"54511099999","2022-08-28","40.080111","116.584556","35.35","BEIJING CAPITAL INTERNATIONAL AIRPORT, CH","  64.3","24","  59.1","24","9999.9"," 0","999.9"," 0","  6.2","24","  3.4","24","  9.7","999.9","  81.5"," ","  58.8"," "," 0.06","G","999.9","010000"
"54511099999","2022-08-29","40.080111","116.584556","35.35","BEIJING CAPITAL INTERNATIONAL AIRPORT, CH","  67.5","24","  61.0","24","9999.9"," 0","999.9"," 0","  6.0","24","  3.9","24","  9.7","999.9","  77.0","*","  59.0","*"," 0.00","G","999.9","000000"
"54511099999","2022-08-30","40.080111","116.584556","35.35","BEIJING CAPITAL INTERNATIONAL AIRPORT, CH","  71.6","24","  62.1","24","9999.9"," 0","999.9"," 0","  5.9","24","  4.5","24"," 17.5","999.9","  84.2","*","  59.0","*"," 0.00","G","999.9","010010"
"54511099999","2022-08-31","40.080111","116.584556","35.35","BEIJING CAPITAL INTERNATIONAL AIRPORT, CH","  76.0","24","  55.6","24","9999.9"," 0","999.9"," 0","  6.7","24","  5.6","24"," 11.7","999.9","  89.6"," ","  59.0","*"," 0.00","G","999.9","000000"
"54511099999","2022-09-01","40.080111","116.584556","35.35","BEIJING CAPITAL INTERNATIONAL AIRPORT, CH","  73.0","24","  54.3","24","9999.9"," 0","999.9"," 0","  6.6","24","  4.0","24","  7.8","999.9","  89.6"," ","  57.2","*"," 0.00","G","999.9","000000"
"54511099999","2022-09-02","40.080111","116.584556","35.35","BEIJING CAPITAL INTERNATIONAL AIRPORT, CH","  72.1","24","  59.5","24","9999.9"," 0","999.9"," 0","  6.3","24","  3.6","24","  7.8","999.9","  86.0","*","  60.3"," "," 0.00","G","999.9","000000"
"54511099999","2022-09-03","40.080111","116.584556","35.35","BEIJING CAPITAL INTERNATIONAL AIRPORT, CH","  73.1","24","  65.2","24","9999.9"," 0","999.9"," 0","  5.6","24","  4.1","24","  9.7","999.9","  83.1"," ","  64.6"," "," 0.01","G","999.9","010000"
"54511099999","2022-09-04","40.080111","116.584556","35.35","BEIJING CAPITAL INTERNATIONAL AIRPORT, CH","  71.3","24","  62.5","24","9999.9"," 0","999.9"," 0","  5.7","24","  5.6","24"," 17.5","999.9","  84.2","*","  60.8","*"," 0.13","G","999.9","010010"
"54511099999","2022-09-05","40.080111","116.584556","35.35","BEIJING CAPITAL INTERNATIONAL AIRPORT, CH","  69.3","24","  47.1","24","9999.9"," 0","999.9"," 0","  6.7","24","  5.6","24"," 15.5"," 23.3","  86.0","*","  51.8","*"," 0.00","G","999.9","000000"
"54511099999","2022-09-06","40.080111","116.584556","35.35","BEIJING CAPITAL INTERNATIONAL AIRPORT, CH","  71.2","24","  47.9","24","9999.9"," 0","999.9"," 0","  6.4","24","  7.6","24"," 17.5"," 29.1","  86.0","*","  55.4","*"," 0.00","G","999.9","000000"
"54511099999","2022-09-07","40.080111","116.584556","35.35","BEIJING CAPITAL INTERNATIONAL AIRPORT, CH","  73.2","24","  53.5","24","9999.9"," 0","999.9"," 0","  6.5","24","  3.6","24","  7.8","999.9","  91.4","*","  57.2","*"," 0.00","G","999.9","000000"
"54511099999","2022-09-08","40.080111","116.584556","35.35","BEIJING CAPITAL INTERNATIONAL AIRPORT, CH","  75.2","24","  61.0","24","9999.9"," 0","999.9"," 0","  6.4","24","  3.0","24","  7.8","999.9","  91.4","*","  61.9"," "," 0.00","G","999.9","000000"
"54511099999","2022-09-09","40.080111","116.584556","35.35","BEIJING CAPITAL INTERNATIONAL AIRPORT, CH","  76.1","24","  64.9","24","9999.9"," 0","999.9"," 0","  6.0","24","  3.1","24","  5.8","999.9","  89.6"," ","  65.8"," "," 0.00","G","999.9","000000"
"54511099999","2022-09-10","40.080111","116.584556","35.35","BEIJING CAPITAL INTERNATIONAL AIRPORT, CH","  76.6","24","  64.7","24","9999.9"," 0","999.9"," 0","  6.1","24","  3.4","24","  9.7"," 19.4","  89.4"," ","  62.6","*"," 0.00","G","999.9","000010"
"54511099999","2022-09-11","40.080111","116.584556","35.35","BEIJING CAPITAL INTERNATIONAL AIRPORT, CH","  76.0","24","  65.7","24","9999.9"," 0","999.9"," 0","  6.1","24","  3.5","24","  7.8","999.9","  88.9"," ","  68.4"," "," 0.00","G","999.9","000000"
"54511099999","2022-09-12","40.080111","116.584556","35.35","BEIJING CAPITAL INTERNATIONAL AIRPORT, CH","  76.2","24","  68.7","24","9999.9"," 0","999.9"," 0","  3.5","24","  2.7","24","  5.8","999.9","  86.2"," ","  66.2","*"," 0.00","G","999.9","000000"
"54511099999","2022-09-13","40.080111","116.584556","35.35","BEIJING CAPITAL INTERNATIONAL AIRPORT, CH","  75.7","24","  68.6","24","9999.9"," 0","999.9"," 0","  4.5","24","  2.9","24","  7.8","999.9","  86.5"," ","  66.2","*"," 0.00","G","999.9","000000"
"54511099999","2022-09-14","40.080111","116.584556","35.35","BEIJING CAPITAL INTERNATIONAL AIRPORT, CH","  76.6","24","  64.3","24","9999.9"," 0","999.9"," 0","  5.8","24","  3.8","24","  7.8","999.9","  87.8","*","  64.4","*"," 0.00","G","999.9","000000"
"54511099999","2022-09-15","40.080111","116.584556","35.35","BEIJING CAPITAL INTERNATIONAL AIRPORT, CH","  75.3","24","  64.4","24","9999.9"," 0","999.9"," 0","  5.9","24","  3.6","24","  5.8","999.9","  88.3"," ","  64.4","*"," 0.00","G","999.9","000000"
"54511099999","2022-09-16","40.080111","116.584556","35.35","BEIJING CAPITAL INTERNATIONAL AIRPORT, CH","  77.3","24","  65.2","24","9999.9"," 0","999.9"," 0","  5.7","24","  4.2","24","  7.8","999.9","  89.6","*","  65.5"," "," 0.00","G","999.9","000000"
"54511099999","2022-09-17","40.080111","116.584556","35.35","BEIJING CAPITAL INTERNATIONAL AIRPORT, CH","  77.0","24","  62.7","24","9999.9"," 0","999.9"," 0","  5.3","24","  5.1","24"," 11.7"," 19.4","  89.6","*","  67.3"," "," 0.00","G","999.9","000000"
"54511099999","2022-09-18","40.080111","116.584556","35.35","BEIJING CAPITAL INTERNATIONAL AIRPORT, CH","  71.8","24","  44.6","24","9999.9"," 0","999.9"," 0","  6.6","24","  4.9","24"," 11.7","999.9","  86.9"," ","  55.4","*"," 0.00","G","999.9","000000"
"54511099999","2022-09-19","40.080111","116.584556","35.35","BEIJING CAPITAL INTERNATIONAL AIRPORT, CH","  68.1","24","  39.5","24","9999.9"," 0","999.9"," 0","  6.7","24","  4.7","24"," 11.7"," 17.5","  86.9"," ","  50.0","*"," 0.00","G","999.9","000000"
"54511099999","2022-09-20","40.080111","116.584556","35.35","BEIJING CAPITAL INTERNATIONAL AIRPORT, CH","  63.3","24","  39.0","24","9999.9"," 0","999.9"," 0","  6.7","24","  3.6","24","  5.8","999.9","  79.2"," ","  48.2","*"," 0.00","G","999.9","000000"
"54511099999","2022-09-21","40.080111","116.584556","35.35","BEIJING CAPITAL INTERNATIONAL AIRPORT, CH","  69.6","24","  52.0","24","9999.9"," 0","999.9"," 0","  6.3","24","  5.7","24"," 13.6","999.9","  80.6","*","  52.2"," "," 0.02","G","999.9","010000"
"54511099999","2022-09-22","40.080111","116.584556","35.35","BEIJING CAPITAL INTERNATIONAL AIRPORT, CH","  66.7","24","  30.3","24","9999.9"," 0","999.9"," 0","  6.2","24"," 15.1","24"," 33.0"," 44.7","  82.4","*","  46.6"," "," 0.01","G","999.9","000000"
"54511099999","2022-09-23","40.080111","116.584556","35.35","BEIJING CAPITAL INTERNATIONAL AIRPORT, CH","  63.9","24","  33.1","24","9999.9"," 0","999.9"," 0","  6.7","24","  8.7","24"," 19.4"," 23.3","  81.0"," ","  44.6","*"," 0.00","G","999.9","000000"
"54511099999","2022-09-24","40.080111","116.584556","35.35","BEIJING CAPITAL INTERNATIONAL AIRPORT, CH","  64.5","24","  41.1","24","9999.9"," 0","999.9"," 0","  6.5","24","  4.4","24","  9.7","999.9","  82.4","*","  46.4","*"," 0.00","G","999.9","000000"
"54511099999","2022-09-25","40.080111","116.584556","35.35","BEIJING CAPITAL INTERNATIONAL AIRPORT, CH","  63.3","24","  51.2","24","9999.9"," 0","999.9"," 0","  5.4","24","  2.6","24","  7.8","999.9","  79.5"," ","  50.2"," "," 0.00","G","999.9","010000"
"54511099999","2022-09-26","40.080111","116.584556","35.35","BEIJING CAPITAL INTERNATIONAL AIRPORT, CH","  67.4","24","  56.1","24","9999.9"," 0","999.9"," 0","  4.9","24","  2.7","24","  5.8","999.9","  83.3"," ","  55.4"," "," 0.00","G","999.9","010000"
"54511099999","2022-09-27","40.080111","116.584556","35.35","BEIJING CAPITAL INTERNATIONAL AIRPORT, CH","  67.8","24","  56.8","24","9999.9"," 0","999.9"," 0","  4.9","24","  3.2","24","  9.7","999.9","  86.0","*","  55.4","*"," 0.00","G","999.9","000000"
"54511099999","2022-09-28","40.080111","116.584556","35.35","BEIJING CAPITAL INTERNATIONAL AIRPORT, CH","  69.8","24","  58.3","24","9999.9"," 0","999.9"," 0","  4.5","24","  3.2","24","  7.8","999.9","  84.4"," ","  57.2","*"," 0.00","G","999.9","010000"
"54511099999","2022-09-29","40.080111","116.584556","35.35","BEIJING CAPITAL INTERNATIONAL AIRPORT, CH","  71.0","24","  61.0","24","9999.9"," 0","999.9"," 0","  4.3","24","  3.2","24","  5.8","999.9","  86.0","*","  59.0","*"," 0.00","G","999.9","000000"
"54511099999","2022-09-30","40.080111","116.584556","35.35","BEIJING CAPITAL INTERNATIONAL AIRPORT, CH","  72.0","24","  62.8","24","9999.9"," 0","999.9"," 0","  4.7","24","  3.2","24","  5.8","999.9","  85.6"," ","  61.2"," "," 0.00","G","999.9","000000"
"54511099999","2022-10-01","40.080111","116.584556","35.35","BEIJING CAPITAL INTERNATIONAL AIRPORT, CH","  71.4","24","  64.1","24","9999.9"," 0","999.9"," 0","  4.0","24","  4.0","24","  9.7","999.9","  84.9"," ","  62.6","*"," 0.09","G","999.9","010000"
"54511099999","2022-10-02","40.080111","116.584556","35.35","BEIJING CAPITAL INTERNATIONAL AIRPORT, CH","  66.8","24","  64.8","24","9999.9"," 0","999.9"," 0","  4.7","24","  2.9","24","  5.8","999.9","  76.6"," ","  63.0"," "," 0.12","G","999.9","010000"
"54511099999","2022-10-03","40.080111","116.584556","35.35","BEIJING CAPITAL INTERNATIONAL AIRPORT, CH","  54.3","24","  37.7","24","9999.9"," 0","999.9"," 0","  6.0","24","  9.4","24"," 17.5"," 29.1","  68.9"," ","  41.0","*"," 0.06","G","999.9","010000"
"54511099999","2022-10-04","40.080111","116.584556","35.35","BEIJING CAPITAL INTERNATIONAL AIRPORT, CH","  47.5","24","  26.6","24","9999.9"," 0","999.9"," 0","  6.7","24","  4.5","24"," 11.7","999.9","  68.9"," ","  33.8","*"," 0.00","G","999.9","000000"
"54511099999","2022-10-05","40.080111","116.584556","35.35","BEIJING CAPITAL INTERNATIONAL AIRPORT, CH","  47.9","24","  30.3","24","9999.9"," 0","999.9"," 0","  6.7","24","  3.1","24","  7.8","999.9","  62.1"," ","  35.6","*"," 0.00","G","999.9","000000"
"54511099999","2022-10-06","40.080111","116.584556","35.35","BEIJING CAPITAL INTERNATIONAL AIRPORT, CH","  51.1","24","  36.6","24","9999.9"," 0","999.9"," 0","  6.3","24","  3.8","24","  9.7","999.9","  66.2","*","  37.4","*"," 0.00","G","999.9","000000"
"54511099999","2022-10-07","40.080111","116.584556","35.35","BEIJING CAPITAL INTERNATIONAL AIRPORT, CH","  55.7","24","  46.3","24","9999.9"," 0","999.9"," 0","  5.5","24","  3.6","24","  7.8","999.9","  68.0","*","  40.3"," "," 0.00","G","999.9","000000"
"54511099999","2022-10-08","40.080111","116.584556","35.35","BEIJING CAPITAL INTERNATIONAL AIRPORT, CH","  52.9","24","  41.6","24","9999.9"," 0","999.9"," 0","  3.5","24","  7.0","24"," 27.2"," 36.9","  67.8"," ","  47.3"," "," 0.00","G","999.9","010000"
"54511099999","2022-10-09","40.080111","116.584556","35.35","BEIJING CAPITAL INTERNATIONAL AIRPORT, CH","  53.7","24","  19.6","24","9999.9"," 0","999.9"," 0","  6.7","24"," 16.2","24"," 27.2"," 38.9","  62.6","*","  40.1"," "," 0.00","G","999.9","000000"
"54511099999","2022-10-10","40.080111","116.584556","35.35","BEIJING CAPITAL INTERNATIONAL AIRPORT, CH","  48.7","24","  23.3","24","9999.9"," 0","999.9"," 0","  6.7","24","  6.6","24"," 17.5"," 27.2","  68.0","*","  33.8","*"," 0.00","G","999.9","000000"
"54511099999","2022-10-11","40.080111","116.584556","35.35","BEIJING CAPITAL INTERNATIONAL AIRPORT, CH","  50.5","24","  32.1","24","9999.9"," 0","999.9"," 0","  6.6","24","  3.1","24","  7.8","999.9","  69.8","*","  35.4"," "," 0.00","G","999.9","000000"
"54511099999","2022-10-12","40.080111","116.584556","35.35","BEIJING CAPITAL INTERNATIONAL AIRPORT, CH","  53.1","24","  42.2","24","9999.9"," 0","999.9"," 0","  5.7","24","  2.7","24","  7.8","999.9","  69.3"," ","  39.0"," "," 0.00","G","999.9","000000"
"54511099999","2022-10-13","40.080111","116.584556","35.35","BEIJING CAPITAL INTERNATIONAL AIRPORT, CH","  56.8","23","  45.7","23","9999.9"," 0","999.9"," 0","  3.6","23","  2.4","23","  5.8","999.9","  68.9"," ","  45.7"," "," 0.00","G","999.9","000000"
"54511099999","2022-10-14","40.080111","116.584556","35.35","BEIJING CAPITAL INTERNATIONAL AIRPORT, CH","  56.0","23","  46.0","23","9999.9"," 0","999.9"," 0","  2.9","23","  3.1","23","  7.8","999.9","  71.6"," ","  46.4","*"," 0.00","G","999.9","000000"
"54511099999","2022-10-15","40.080111","116.584556","35.35","BEIJING CAPITAL INTERNATIONAL AIRPORT, CH","  63.6","24","  42.3","24","9999.9"," 0","999.9"," 0","  4.1","24","  5.3","24"," 11.7"," 19.4","  75.9"," ","  48.4"," "," 0.00","G","999.9","000000"
"54511099999","2022-10-16","40.080111","116.584556","35.35","BEIJING CAPITAL INTERNATIONAL AIRPORT, CH","  56.7","23","  10.1","23","9999.9"," 0","999.9"," 0","  6.6","23","  9.9","23"," 15.5"," 25.3","  75.9"," ","  46.4","*"," 0.00","G","999.9","000000"
"54511099999","2022-10-17","40.080111","116.584556","35.35","BEIJING CAPITAL INTERNATIONAL AIRPORT, CH","  48.2","19","  19.9","19","9999.9"," 0","999.9"," 0","  6.2","19","  6.0","19"," 13.6","999.9","  66.9"," ","  30.2","*"," 0.00","G","999.9","000000"
"54511099999","2022-10-18","40.080111","116.584556","35.35","BEIJING CAPITAL INTERNATIONAL AIRPORT, CH","  46.9","24","  25.1","24","9999.9"," 0","999.9"," 0","  6.2","24","  3.2","24","  7.8","999.9","  66.9"," ","  32.0","*"," 0.00","G","999.9","000000"
"54511099999","2022-10-19","40.080111","116.584556","35.35","BEIJING CAPITAL INTERNATIONAL AIRPORT, CH","  52.5","24","  37.7","24","9999.9"," 0","999.9"," 0","  6.0","24","  2.8","24","  5.8","999.9","  70.0"," ","  34.9"," "," 0.00","G","999.9","000000"
"54511099999","2022-10-20","40.080111","116.584556","35.35","BEIJING CAPITAL INTERNATIONAL AIRPORT, CH","  53.7","23","  41.4","23","9999.9"," 0","999.9"," 0","  4.4","23","  2.4","23","  5.8","999.9","  70.0"," ","  41.0","*"," 0.00","G","999.9","000000"
"54511099999","2022-10-21","40.080111","116.584556","35.35","BEIJING CAPITAL INTERNATIONAL AIRPORT, CH","  57.4","23","  42.6","23","9999.9"," 0","999.9"," 0","  3.8","23","  4.5","23"," 11.7","999.9","  71.8"," ","  44.4"," "," 0.00","G","999.9","000000"
"54511099999","2022-10-22","40.080111","116.584556","35.35","BEIJING CAPITAL INTERNATIONAL AIRPORT, CH","  53.2","24","  31.8","24","9999.9"," 0","999.9"," 0","  6.6","24","  6.9","24"," 15.5"," 23.3","  71.8"," ","  35.6","*"," 0.00","G","999.9","000000"
"54511099999","2022-10-23","40.080111","116.584556","35.35","BEIJING CAPITAL INTERNATIONAL AIRPORT, CH","  52.4","24","  31.8","24","9999.9"," 0","999.9"," 0","  6.4","24","  3.8","24","  5.8","999.9","  72.3"," ","  37.4","*"," 0.00","G","999.9","000000"
"54511099999","2022-10-24","40.080111","116.584556","35.35","BEIJING CAPITAL INTERNATIONAL AIRPORT, CH","  51.5","24","  40.8","24","9999.9"," 0","999.9"," 0","  5.9","24","  3.2","24","  5.8","999.9","  72.3"," ","  39.2","*"," 0.00","G","999.9","000000"
"54511099999","2022-10-25","40.080111","116.584556","35.35","BEIJING CAPITAL INTERNATIONAL AIRPORT, CH","  54.7","24","  45.7","24","9999.9"," 0","999.9"," 0","  3.8","24","  3.0","24","  5.8","999.9","  67.8"," ","  43.9"," "," 0.00","G","999.9","000000"
"54511099999","2022-10-26","40.080111","116.584556","35.35","BEIJING CAPITAL INTERNATIONAL AIRPORT, CH","  57.0","24","  35.7","24","9999.9"," 0","999.9"," 0","  4.6","24","  6.6","24","  9.7"," 19.4","  66.7"," ","  49.1"," "," 0.00","G","999.9","010000"
"54511099999","2022-10-27","40.080111","116.584556","35.35","BEIJING CAPITAL INTERNATIONAL AIRPORT, CH","  51.1","24","  35.1","24","9999.9"," 0","999.9"," 0","  6.4","24","  2.3","24","  5.8","999.9","  65.1"," ","  48.2","*"," 0.00","G","999.9","000000"
"54511099999","2022-10-28","40.080111","116.584556","35.35","BEIJING CAPITAL INTERNATIONAL AIRPORT, CH","  51.8","24","  39.0","24","9999.9"," 0","999.9"," 0","  6.3","24","  2.8","24","  5.8","999.9","  55.6"," ","  50.0","*"," 0.00","G","999.9","000000"
"54511099999","2022-10-29","40.080111","116.584556","35.35","BEIJING CAPITAL INTERNATIONAL AIRPORT, CH","  54.0","24","  44.6","24","9999.9"," 0","999.9"," 0","  6.0","24","  2.5","24","  5.8","999.9","  57.9"," ","  51.1"," "," 0.00","G","999.9","000000"
"54511099999","2022-10-30","40.080111","116.584556","35.35","BEIJING CAPITAL INTERNATIONAL AIRPORT, CH","  54.9","24","  46.0","24","9999.9"," 0","999.9"," 0","  3.5","24","  3.9","24"," 17.5"," 27.2","  60.4"," ","  41.0","*"," 0.00","G","999.9","000000"
"54511099999","2022-10-31","40.080111","116.584556","35.35","BEIJING CAPITAL INTERNATIONAL AIRPORT, CH","  49.9","24","  17.7","24","9999.9"," 0","999.9"," 0","  6.5","24","  7.4","24"," 15.5"," 25.3","  63.1"," ","  30.2","*"," 0.00","G","999.9","000000"
"54511099999","2022-11-01","40.080111","116.584556","35.35","BEIJING CAPITAL INTERNATIONAL AIRPORT, CH","  49.1","24","  26.7","24","9999.9"," 0","999.9"," 0","  6.2","24","  3.7","24","  9.7","999.9","  63.1"," ","  33.6"," "," 0.00","G","999.9","000000"
"54511099999","2022-11-02","40.080111","116.584556","35.35","BEIJING CAPITAL INTERNATIONAL AIRPORT, CH","  52.8","24","  37.7","24","9999.9"," 0","999.9"," 0","  6.2","24","  3.7","24","  9.7","999.9","  62.6","*","  39.9"," "," 0.02","G","999.9","010000"
"54511099999","2022-11-03","40.080111","116.584556","35.35","BEIJING CAPITAL INTERNATIONAL AIRPORT, CH","  42.4","24","  26.3","24","9999.9"," 0","999.9"," 0","  6.2","24","  4.6","24","  9.7","999.9","  61.2"," ","  26.6","*"," 0.00","G","999.9","000000"
"54511099999","2022-11-04","40.080111","116.584556","35.35","BEIJING CAPITAL INTERNATIONAL AIRPORT, CH","  43.3","24","  19.6","24","9999.9"," 0","999.9"," 0","  6.5","24","  4.9","24","  9.7"," 19.4","  59.0","*","  24.8","*"," 0.00","G","999.9","000000"
"54511099999","2022-11-05","40.080111","116.584556","35.35","BEIJING CAPITAL INTERNATIONAL AIRPORT, CH","  45.2","24","  25.4","24","9999.9"," 0","999.9"," 0","  6.2","24","  3.0","24","  7.8","999.9","  62.6","*","  30.7"," "," 0.00","G","999.9","000000"
"54511099999","2022-11-06","40.080111","116.584556","35.35","BEIJING CAPITAL INTERNATIONAL AIRPORT, CH","  44.8","24","  36.7","24","9999.9"," 0","999.9"," 0","  3.6","24","  3.6","24","  7.8","999.9","  61.7"," ","  33.8","*"," 0.00","G","999.9","010000"
"54511099999","2022-11-07","40.080111","116.584556","35.35","BEIJING CAPITAL INTERNATIONAL AIRPORT, CH","  45.0","24","  21.1","24","9999.9"," 0","999.9"," 0","  6.5","24","  3.6","24","  9.7","999.9","  64.4","*","  28.4","*"," 0.00","G","999.9","000000"
"54511099999","2022-11-08","40.080111","116.584556","35.35","BEIJING CAPITAL INTERNATIONAL AIRPORT, CH","  42.9","24","  31.2","24","9999.9"," 0","999.9"," 0","  6.0","24","  2.0","24","  5.8","999.9","  62.2"," ","  32.0"," "," 0.00","G","999.9","000000"
"54511099999","2022-11-09","40.080111","116.584556","35.35","BEIJING CAPITAL INTERNATIONAL AIRPORT, CH","  49.5","24","  38.8","24","9999.9"," 0","999.9"," 0","  4.1","24","  3.2","24","  5.8","999.9","  61.7"," ","  35.6","*"," 0.00","G","999.9","010000"
"54511099999","2022-11-10","40.080111","116.584556","35.35","BEIJING CAPITAL INTERNATIONAL AIRPORT, CH","  55.5","24","  49.2","24","9999.9"," 0","999.9"," 0","  2.7","24","  2.8","24","  5.8","999.9","  64.4","*","  41.9"," "," 0.00","G","999.9","110000"
"54511099999","2022-11-11","40.080111","116.584556","35.35","BEIJING CAPITAL INTERNATIONAL AIRPORT, CH","  53.6","24","  51.9","24","9999.9"," 0","999.9"," 0","  2.0","24","  5.0","24"," 19.4","999.9","  62.4"," ","  44.8"," "," 1.30","G","999.9","110000"
"54511099999","2022-11-12","40.080111","116.584556","35.35","BEIJING CAPITAL INTERNATIONAL AIRPORT, CH","  42.7","24","  20.7","24","9999.9"," 0","999.9"," 0","  6.7","24"," 11.8","24"," 19.4","999.9","  55.8"," ","  28.4","*"," 0.00","G","999.9","000000"
"54511099999","2022-11-13","40.080111","116.584556","35.35","BEIJING CAPITAL INTERNATIONAL AIRPORT, CH","  37.1","24","  22.2","24","9999.9"," 0","999.9"," 0","  6.7","24","  3.6","24","  7.8","999.9","  52.3"," ","  26.6","*"," 0.00","G","999.9","000000"
"54511099999","2022-11-14","40.080111","116.584556","35.35","BEIJING CAPITAL INTERNATIONAL AIRPORT, CH","  39.2","24","  29.8","24","9999.9"," 0","999.9"," 0","  6.1","24","  2.7","24","  5.8","999.9","  55.4","*","  28.4","*"," 0.00","G","999.9","000000"
"54511099999","2022-11-15","40.080111","116.584556","35.35","BEIJING CAPITAL INTERNATIONAL AIRPORT, CH","  44.3","24","  24.4","24","9999.9"," 0","999.9"," 0","  6.1","24","  4.5","24"," 13.6","999.9","  62.8"," ","  28.4","*"," 0.00","G","999.9","000000"
"54511099999","2022-11-16","40.080111","116.584556","35.35","BEIJING CAPITAL INTERNATIONAL AIRPORT, CH","  41.8","24","  29.2","24","9999.9"," 0","999.9"," 0","  6.2","24","  2.7","24","  3.9","999.9","  60.8","*","  30.2","*"," 0.00","I","999.9","000000"
"54511099999","2022-11-17","40.080111","116.584556","35.35","BEIJING CAPITAL INTERNATIONAL AIRPORT, CH","  42.7","24","  33.3","24","9999.9"," 0","999.9"," 0","  5.3","24","  3.0","24","  5.8","999.9","  59.0","*","  33.8","*"," 0.00","I","999.9","000000"
"54511099999","2022-11-18","40.080111","116.584556","35.35","BEIJING CAPITAL INTERNATIONAL AIRPORT, CH","  47.8","24","  39.4","24","9999.9"," 0","999.9"," 0","  4.4","24","  1.8","24","  5.8","999.9","  59.7"," ","  36.9"," "," 0.00","G","999.9","010000"
"54511099999","2022-11-19","40.080111","116.584556","35.35","BEIJING CAPITAL INTERNATIONAL AIRPORT, CH","  45.7","24","  40.2","24","9999.9"," 0","999.9"," 0","  3.2","24","  2.4","24","  7.8","999.9","  59.0","*","  35.6","*"," 0.00","G","999.9","100000"
"54511099999","2022-11-20","40.080111","116.584556","35.35","BEIJING CAPITAL INTERNATIONAL AIRPORT, CH","  44.8","24","  42.0","24","9999.9"," 0","999.9"," 0","  2.6","24","  3.3","24","  5.8","999.9","  57.7"," ","  33.8","*"," 0.00","G","999.9","110000"
"54511099999","2022-11-21","40.080111","116.584556","35.35","BEIJING CAPITAL INTERNATIONAL AIRPORT, CH","  43.2","24","  29.7","24","9999.9"," 0","999.9"," 0","  5.9","24","  2.3","24","  7.8","999.9","  55.4"," ","  35.6","*"," 0.00","G","999.9","000000"
"54511099999","2022-11-22","40.080111","116.584556","35.35","BEIJING CAPITAL INTERNATIONAL AIRPORT, CH","  42.8","24","  36.0","24","9999.9"," 0","999.9"," 0","  5.6","24","  2.6","24","  7.8","999.9","  55.4"," ","  30.2","*"," 0.00","G","999.9","000000"
"54511099999","2022-11-23","40.080111","116.584556","35.35","BEIJING CAPITAL INTERNATIONAL AIRPORT, CH","  43.0","24","  36.7","24","9999.9"," 0","999.9"," 0","  4.3","24","  2.1","24","  5.8","999.9","  55.6"," ","  32.0","*"," 0.00","G","999.9","000000"
"54511099999","2022-11-24","40.080111","116.584556","35.35","BEIJING CAPITAL INTERNATIONAL AIRPORT, CH","  44.5","24","  42.4","24","9999.9"," 0","999.9"," 0","  1.6","24","  2.2","24","  5.8","999.9","  55.6"," ","  33.8","*"," 0.00","G","999.9","100000"
"54511099999","2022-11-25","40.080111","116.584556","35.35","BEIJING CAPITAL INTERNATIONAL AIRPORT, CH","  41.9","24","   8.2","24","9999.9"," 0","999.9"," 0","  5.6","24"," 11.2","24"," 21.4"," 31.1","  56.1"," ","  23.0","*"," 0.00","G","999.9","000000"
"54511099999","2022-11-26","40.080111","116.584556","35.35","BEIJING CAPITAL INTERNATIONAL AIRPORT, CH","  33.6","24","   3.6","24","9999.9"," 0","999.9"," 0","  6.7","24","  4.7","24","  9.7","999.9","  56.1"," ","  28.4","*"," 0.00","G","999.9","000000"
"54511099999","2022-11-27","40.080111","116.584556","35.35","BEIJING CAPITAL INTERNATIONAL AIRPORT, CH","  40.7","24","  16.1","24","9999.9"," 0","999.9"," 0","  6.4","24","  4.0","24","  7.8","999.9","  46.4","*","  30.9"," "," 0.00","G","999.9","000000"
"54511099999","2022-11-28","40.080111","116.584556","35.35","BEIJING CAPITAL INTERNATIONAL AIRPORT, CH","  38.8","24","   5.5","24","9999.9"," 0","999.9"," 0","  6.3","24"," 14.6","24"," 27.2"," 38.9","  55.9"," ","  21.2","*"," 0.00","G","999.9","000000"
"54511099999","2022-11-29","40.080111","116.584556","35.35","BEIJING CAPITAL INTERNATIONAL AIRPORT, CH","  18.4","24"," -15.4","24","9999.9"," 0","999.9"," 0","  6.7","24"," 12.3","24"," 21.4"," 27.2","  24.8","*","  12.6"," "," 0.00","G","999.9","000000"
"54511099999","2022-11-30","40.080111","116.584556","35.35","BEIJING CAPITAL INTERNATIONAL AIRPORT, CH","  19.1","24","  -8.6","24","9999.9"," 0","999.9"," 0","  6.7","24","  8.0","24"," 17.5"," 23.3","  30.2"," ","   6.8","*"," 0.00","G","999.9","000000"
"54511099999","2022-12-01","40.080111","116.584556","35.35","BEIJING CAPITAL INTERNATIONAL AIRPORT, CH","  23.5","24","  -3.7","24","9999.9"," 0","999.9"," 0","  6.7","24","  8.1","24"," 19.4"," 27.2","  33.8","*","   8.6","*"," 0.00","G","999.9","000000"
"54511099999","2022-12-02","40.080111","116.584556","35.35","BEIJING CAPITAL INTERNATIONAL AIRPORT, CH","  20.4","24","   7.2","24","9999.9"," 0","999.9"," 0","  6.2","24","  3.5","24"," 11.7","999.9","  33.1"," ","  12.2","*"," 0.00","G","999.9","000000"
"54511099999","2022-12-03","40.080111","116.584556","35.35","BEIJING CAPITAL INTERNATIONAL AIRPORT, CH","  22.8","24","  -3.7","24","9999.9"," 0","999.9"," 0","  6.7","24","  6.2","24"," 13.6","999.9","  36.7"," ","   6.8","*"," 0.00","G","999.9","000000"
"54511099999","2022-12-04","40.080111","116.584556","35.35","BEIJING CAPITAL INTERNATIONAL AIRPORT, CH","  21.8","24","   3.5","24","9999.9"," 0","999.9"," 0","  6.6","24","  3.0","24","  7.8","999.9","  37.4","*","  10.4","*"," 0.00","G","999.9","000000"
"54511099999","2022-12-05","40.080111","116.584556","35.35","BEIJING CAPITAL INTERNATIONAL AIRPORT, CH","  23.7","24","   0.7","24","9999.9"," 0","999.9"," 0","  6.3","24","  4.7","24"," 11.7","999.9","  41.9"," ","   8.6","*"," 0.00","G","999.9","000000"
"54511099999","2022-12-06","40.080111","116.584556","35.35","BEIJING CAPITAL INTERNATIONAL AIRPORT, CH","  25.8","24","   6.0","24","9999.9"," 0","999.9"," 0","  6.1","24","  4.0","24"," 13.6","999.9","  44.6","*","  10.4","*"," 0.00","G","999.9","000000"
"54511099999","2022-12-07","40.080111","116.584556","35.35","BEIJING CAPITAL INTERNATIONAL AIRPORT, CH","  31.7","24","   7.8","24","9999.9"," 0","999.9"," 0","  6.2","24","  3.0","24","  9.7","999.9","  46.8"," ","  18.3"," "," 0.00","G","999.9","000000"
"54511099999","2022-12-08","40.080111","116.584556","35.35","BEIJING CAPITAL INTERNATIONAL AIRPORT, CH","  31.8","24","  11.5","24","9999.9"," 0","999.9"," 0","  6.3","24","  3.0","24","  7.8","999.9","  50.0","*","  15.8","*"," 0.00","G","999.9","000000"
"54511099999","2022-12-09","40.080111","116.584556","35.35","BEIJING CAPITAL INTERNATIONAL AIRPORT, CH","  35.5","24","  12.6","24","9999.9"," 0","999.9"," 0","  6.4","24","  7.4","24"," 21.4"," 29.1","  49.1"," ","  21.2","*"," 0.00","G","999.9","000000"
"54511099999","2022-12-10","40.080111","116.584556","35.35","BEIJING CAPITAL INTERNATIONAL AIRPORT, CH","  30.3","24","   2.1","24","9999.9"," 0","999.9"," 0","  6.7","24"," 11.0","24"," 17.5","999.9","  46.0"," ","  21.2","*"," 0.00","G","999.9","000000"
"54511099999","2022-12-11","40.080111","116.584556","35.35","BEIJING CAPITAL INTERNATIONAL AIRPORT, CH","  31.8","24","   5.2","24","9999.9"," 0","999.9"," 0","  6.7","24","  5.3","24"," 19.4"," 27.2","  40.8"," ","  23.0","*"," 0.00","G","999.9","000000"
"54511099999","2022-12-12","40.080111","116.584556","35.35","BEIJING CAPITAL INTERNATIONAL AIRPORT, CH","  33.3","24","  -3.9","24","9999.9"," 0","999.9"," 0","  3.6","24"," 14.5","24"," 25.3"," 36.9","  40.8"," ","  23.0","*"," 0.00","G","999.9","000000"
"54511099999","2022-12-13","40.080111","116.584556","35.35","BEIJING CAPITAL INTERNATIONAL AIRPORT, CH","  19.2","24"," -13.2","24","9999.9"," 0","999.9"," 0","  6.2","24"," 11.5","24"," 19.4"," 29.1","  37.6"," ","   3.2","*"," 0.00","G","999.9","000000"
"54511099999","2022-12-14","40.080111","116.584556","35.35","BEIJING CAPITAL INTERNATIONAL AIRPORT, CH","  22.8","24","  -2.1","24","9999.9"," 0","999.9"," 0","  6.4","24","  5.1","24"," 13.6","999.9","  31.8"," ","   8.6","*"," 0.00","G","999.9","000000"
"54511099999","2022-12-15","40.080111","116.584556","35.35","BEIJING CAPITAL INTERNATIONAL AIRPORT, CH","  20.7","23","  -7.0","23","9999.9"," 0","999.9"," 0","  6.6","23","  7.4","23"," 15.5","999.9","  31.8"," ","  12.2","*"," 0.00","G","999.9","000000"
"54511099999","2022-12-16","40.080111","116.584556","35.35","BEIJING CAPITAL INTERNATIONAL AIRPORT, CH","  20.3","22"," -12.7","22","9999.9"," 0","999.9"," 0","  6.7","22"," 12.9","22"," 27.2"," 35.0","  30.2"," ","   6.8","*"," 0.00","G","999.9","000000"
"54511099999","2022-12-17","40.080111","116.584556","35.35","BEIJING CAPITAL INTERNATIONAL AIRPORT, CH","  16.6","24","  -8.8","24","9999.9"," 0","999.9"," 0","  6.7","24","  8.4","24"," 17.5"," 27.2","  30.2"," ","   5.0","*"," 0.00","G","999.9","000000"
"54511099999","2022-12-18","40.080111","116.584556","35.35","BEIJING CAPITAL INTERNATIONAL AIRPORT, CH","  17.1","24","  -1.1","24","9999.9"," 0","999.9"," 0","  6.6","24","  2.6","24","  5.8","999.9","  31.5"," ","   5.0","*"," 0.00","G","999.9","000000"
"54511099999","2022-12-19","40.080111","116.584556","35.35","BEIJING CAPITAL INTERNATIONAL AIRPORT, CH","  21.1","24","   4.4","24","9999.9"," 0","999.9"," 0","  6.2","24","  2.9","24","  7.8","999.9","  37.4","*","   8.6","*"," 0.00","G","999.9","000000"
"54511099999","2022-12-20","40.080111","116.584556","35.35","BEIJING CAPITAL INTERNATIONAL AIRPORT, CH","  27.1","24","   5.7","24","9999.9"," 0","999.9"," 0","  6.2","24","  6.6","24"," 19.4"," 27.2","  37.0"," ","  13.8"," "," 0.00","G","999.9","000000"
"54511099999","2022-12-21","40.080111","116.584556","35.35","BEIJING CAPITAL INTERNATIONAL AIRPORT, CH","  25.1","24","   1.4","24","9999.9"," 0","999.9"," 0","  6.7","24","  8.7","24"," 19.4"," 23.3","  36.7"," ","  12.2","*"," 0.00","G","999.9","001000"
"54511099999","2022-12-22","40.080111","116.584556","35.35","BEIJING CAPITAL INTERNATIONAL AIRPORT, CH","  21.0","24","  -7.8","24","9999.9"," 0","999.9"," 0","  6.7","24"," 13.4","24"," 23.3"," 29.1","  32.7"," ","  14.0"," "," 0.00","G","999.9","000000"
"54511099999","2022-12-23","40.080111","116.584556","35.35","BEIJING CAPITAL INTERNATIONAL AIRPORT, CH","  22.4","24","  -5.6","24","9999.9"," 0","999.9"," 0","  6.7","24","  6.2","24"," 11.7","999.9","  32.9"," ","  14.0"," "," 0.00","G","999.9","000000"
"54511099999","2022-12-24","40.080111","116.584556","35.35","BEIJING CAPITAL INTERNATIONAL AIRPORT, CH","  25.1","24","  -1.9","24","9999.9"," 0","999.9"," 0","  6.7","24","  5.3","24","  9.7","999.9","  39.4"," ","  14.0","*"," 0.00","G","999.9","000000"
"54511099999","2022-12-25","40.080111","116.584556","35.35","BEIJING CAPITAL INTERNATIONAL AIRPORT, CH","  21.9","24","  -0.8","24","9999.9"," 0","999.9"," 0","  6.5","24","  3.4","24","  5.8","999.9","  39.4"," ","  10.4","*"," 0.00","G","999.9","000000"
"54511099999","2022-12-26","40.080111","116.584556","35.35","BEIJING CAPITAL INTERNATIONAL AIRPORT, CH","  25.0","24","   0.6","24","9999.9"," 0","999.9"," 0","  6.5","24","  4.5","24"," 13.6","999.9","  39.2","*","  10.4","*"," 0.00","G","999.9","000000"
"54511099999","2022-12-27","40.080111","116.584556","35.35","BEIJING CAPITAL INTERNATIONAL AIRPORT, CH","  21.6","24","  -0.7","24","9999.9"," 0","999.9"," 0","  6.7","24","  7.0","24"," 17.5","999.9","  38.8"," ","   6.8","*"," 0.00","G","999.9","000000"
"54511099999","2022-12-28","40.080111","116.584556","35.35","BEIJING CAPITAL INTERNATIONAL AIRPORT, CH","  27.1","24","  -1.1","24","9999.9"," 0","999.9"," 0","  6.3","24","  7.9","24"," 17.5"," 23.3","  37.8"," ","  12.2","*"," 0.00","G","999.9","000000"
"54511099999","2022-12-29","40.080111","116.584556","35.35","BEIJING CAPITAL INTERNATIONAL AIRPORT, CH","  21.5","24","  -1.6","24","9999.9"," 0","999.9"," 0","  6.7","24","  5.3","24"," 15.5","999.9","  38.1"," ","   6.8","*"," 0.00","G","999.9","000000"
"54511099999","2022-12-30","40.080111","116.584556","35.35","BEIJING CAPITAL INTERNATIONAL AIRPORT, CH","  22.0","24","   2.2","24","9999.9"," 0","999.9"," 0","  6.3","24","  3.5","24","  5.8","999.9","  39.6"," ","   8.6","*"," 0.00","G","999.9","000000"
"54511099999","2022-12-31","40.080111","116.584556","35.35","BEIJING CAPITAL INTERNATIONAL AIRPORT, CH","  25.5","24","   3.8","24","9999.9"," 0","999.9"," 0","  6.2","24","  3.5","24","  7.8","999.9","  45.9"," ","  10.4","*"," 0.00","G","999.9","000000"
